"illustrations","key","word","corrAnsw","trial_type","cues","illustration_loop.thisRepN","illustration_loop.thisTrialN","illustration_loop.thisN","illustration_loop.thisIndex","repeat_practice.thisRepN","repeat_practice.thisTrialN","repeat_practice.thisN","repeat_practice.thisIndex","trials_2.thisRepN","trials_2.thisTrialN","trials_2.thisN","trials_2.thisIndex","ongoing_task_loop.thisRepN","ongoing_task_loop.thisTrialN","ongoing_task_loop.thisN","ongoing_task_loop.thisIndex","loop_cues.thisRepN","loop_cues.thisTrialN","loop_cues.thisN","loop_cues.thisIndex","loop_cues2.thisRepN","loop_cues2.thisTrialN","loop_cues2.thisN","loop_cues2.thisIndex","trials.thisRepN","trials.thisTrialN","trials.thisN","trials.thisIndex","PM_task_loop.thisRepN","PM_task_loop.thisTrialN","PM_task_loop.thisN","PM_task_loop.thisIndex","recog_task_loop.thisRepN","recog_task_loop.thisTrialN","recog_task_loop.thisN","recog_task_loop.thisIndex","slider_mood.response","slider_mood.rt","slider_arousal.response","slider_arousal.rt","key_resp_6.keys","key_resp_6.rt","key_resp_6.corr","key_resp_6.rtFirst","key_resp_4.keys","key_resp_4.rt","key_resp_7.keys","key_resp_7.rt","key_resp_ongoing.keys","key_resp_ongoing.rt","key_resp_ongoing.corr","key_resp_ongoing.rtFirst","key_resp_PM.keys","key_resp_PM.rt","key_resp_PM.rtFirst","key_resp_PM.corr","key_resp_PM.lenient","key_resp_recognition.keys","key_resp_recognition.rt","key_resp_recognition.corr","key_resp_recognition.rtFirst","participant","session","expName","psychopyVersion","frameRate","X"
"slide 1.jpg","space","","","","",0,0,0,0,NA,NA,NA,NA,NA,NA,NA,NA,NA,NA,NA,NA,NA,NA,NA,NA,NA,NA,NA,NA,NA,NA,NA,NA,NA,NA,NA,NA,NA,NA,NA,NA,27,4.3824208000442,86,4.64998190000188,"","",NA,NA,"",NA,"",NA,"","",NA,NA,"","",NA,NA,"","","",NA,NA,7,2,"PM","3.0.6",59.9392096372801,NA
"slide 2.jpg","l","","","","",0,1,1,1,NA,NA,NA,NA,NA,NA,NA,NA,NA,NA,NA,NA,NA,NA,NA,NA,NA,NA,NA,NA,NA,NA,NA,NA,NA,NA,NA,NA,NA,NA,NA,NA,NA,NA,NA,NA,"","",NA,NA,"",NA,"",NA,"","",NA,NA,"","",NA,NA,"","","",NA,NA,7,2,"PM","3.0.6",59.9392096372801,NA
"slide 3.jpg","l","","","","",0,2,2,2,NA,NA,NA,NA,NA,NA,NA,NA,NA,NA,NA,NA,NA,NA,NA,NA,NA,NA,NA,NA,NA,NA,NA,NA,NA,NA,NA,NA,NA,NA,NA,NA,NA,NA,NA,NA,"","",NA,NA,"",NA,"",NA,"","",NA,NA,"","",NA,NA,"","","",NA,NA,7,2,"PM","3.0.6",59.9392096372801,NA
"slide 4.jpg","l","","","","",0,3,3,3,NA,NA,NA,NA,NA,NA,NA,NA,NA,NA,NA,NA,NA,NA,NA,NA,NA,NA,NA,NA,NA,NA,NA,NA,NA,NA,NA,NA,NA,NA,NA,NA,NA,NA,NA,NA,"","",NA,NA,"",NA,"",NA,"","",NA,NA,"","",NA,NA,"","","",NA,NA,7,2,"PM","3.0.6",59.9392096372801,NA
"slide 5.jpg","d","","","","",0,4,4,4,NA,NA,NA,NA,NA,NA,NA,NA,NA,NA,NA,NA,NA,NA,NA,NA,NA,NA,NA,NA,NA,NA,NA,NA,NA,NA,NA,NA,NA,NA,NA,NA,NA,NA,NA,NA,"","",NA,NA,"",NA,"",NA,"","",NA,NA,"","",NA,NA,"","","",NA,NA,7,2,"PM","3.0.6",59.9392096372801,NA
"slide 6.jpg","l","","","","",0,5,5,5,NA,NA,NA,NA,NA,NA,NA,NA,NA,NA,NA,NA,NA,NA,NA,NA,NA,NA,NA,NA,NA,NA,NA,NA,NA,NA,NA,NA,NA,NA,NA,NA,NA,NA,NA,NA,"","",NA,NA,"",NA,"",NA,"","",NA,NA,"","",NA,NA,"","","",NA,NA,7,2,"PM","3.0.6",59.9392096372801,NA
"slide 7.jpg","space","","","","",0,6,6,6,NA,NA,NA,NA,NA,NA,NA,NA,NA,NA,NA,NA,NA,NA,NA,NA,NA,NA,NA,NA,NA,NA,NA,NA,NA,NA,NA,NA,NA,NA,NA,NA,NA,NA,NA,NA,"","",NA,NA,"",NA,"",NA,"","",NA,NA,"","",NA,NA,"","","",NA,NA,7,2,"PM","3.0.6",59.9392096372801,NA
"","","ship","l","No","",NA,NA,NA,NA,0,0,0,0,0,0,0,0,NA,NA,NA,NA,NA,NA,NA,NA,NA,NA,NA,NA,NA,NA,NA,NA,NA,NA,NA,NA,NA,NA,NA,NA,NA,NA,NA,NA,"['l']","[1.097421700018458]",1,1.09742170001846,"",NA,"",NA,"","",NA,NA,"","",NA,NA,"","","",NA,NA,7,2,"PM","3.0.6",59.9392096372801,NA
"","","hard","l","No","",NA,NA,NA,NA,0,0,0,0,0,1,1,1,NA,NA,NA,NA,NA,NA,NA,NA,NA,NA,NA,NA,NA,NA,NA,NA,NA,NA,NA,NA,NA,NA,NA,NA,NA,NA,NA,NA,"['l']","[0.8505467999493703]",1,0.85054679994937,"",NA,"",NA,"","",NA,NA,"","",NA,NA,"","","",NA,NA,7,2,"PM","3.0.6",59.9392096372801,NA
"","","ship","d","HIT","",NA,NA,NA,NA,0,0,0,0,0,2,2,2,NA,NA,NA,NA,NA,NA,NA,NA,NA,NA,NA,NA,NA,NA,NA,NA,NA,NA,NA,NA,NA,NA,NA,NA,NA,NA,NA,NA,"['d']","[0.5506082000210881]",1,0.550608200021088,"",NA,"",NA,"","",NA,NA,"","",NA,NA,"","","",NA,NA,7,2,"PM","3.0.6",59.9392096372801,NA
"","","board","l","No","",NA,NA,NA,NA,0,0,0,0,0,3,3,3,NA,NA,NA,NA,NA,NA,NA,NA,NA,NA,NA,NA,NA,NA,NA,NA,NA,NA,NA,NA,NA,NA,NA,NA,NA,NA,NA,NA,"['l']","[0.41718150000087917]",1,0.417181500000879,"",NA,"",NA,"","",NA,NA,"","",NA,NA,"","","",NA,NA,7,2,"PM","3.0.6",59.9392096372801,NA
"","","danger","l","No","",NA,NA,NA,NA,0,0,0,0,0,4,4,4,NA,NA,NA,NA,NA,NA,NA,NA,NA,NA,NA,NA,NA,NA,NA,NA,NA,NA,NA,NA,NA,NA,NA,NA,NA,NA,NA,NA,"['l']","[0.5339545999886468]",1,0.533954599988647,"",NA,"",NA,"","",NA,NA,"","",NA,NA,"","","",NA,NA,7,2,"PM","3.0.6",59.9392096372801,NA
"","","board","d","HIT","",NA,NA,NA,NA,0,0,0,0,0,5,5,5,NA,NA,NA,NA,NA,NA,NA,NA,NA,NA,NA,NA,NA,NA,NA,NA,NA,NA,NA,NA,NA,NA,NA,NA,NA,NA,NA,NA,"['d']","[0.4339020000770688]",1,0.433902000077069,"",NA,"",NA,"","",NA,NA,"","",NA,NA,"","","",NA,NA,7,2,"PM","3.0.6",59.9392096372801,NA
"","","flower","l","No","",NA,NA,NA,NA,0,0,0,0,0,6,6,6,NA,NA,NA,NA,NA,NA,NA,NA,NA,NA,NA,NA,NA,NA,NA,NA,NA,NA,NA,NA,NA,NA,NA,NA,NA,NA,NA,NA,"['l']","[0.4509948000777513]",1,0.450994800077751,"",NA,"",NA,"","",NA,NA,"","",NA,NA,"","","",NA,NA,7,2,"PM","3.0.6",59.9392096372801,NA
"","","hard","l","No","",NA,NA,NA,NA,0,0,0,0,0,7,7,7,NA,NA,NA,NA,NA,NA,NA,NA,NA,NA,NA,NA,NA,NA,NA,NA,NA,NA,NA,NA,NA,NA,NA,NA,NA,NA,NA,NA,"['l']","[0.683200899977237]",1,0.683200899977237,"",NA,"",NA,"","",NA,NA,"","",NA,NA,"","","",NA,NA,7,2,"PM","3.0.6",59.9392096372801,NA
"","","flower","d","HIT","",NA,NA,NA,NA,0,0,0,0,0,8,8,8,NA,NA,NA,NA,NA,NA,NA,NA,NA,NA,NA,NA,NA,NA,NA,NA,NA,NA,NA,NA,NA,NA,NA,NA,NA,NA,NA,NA,"['d']","[0.45057380001526326]",1,0.450573800015263,"",NA,"",NA,"","",NA,NA,"","",NA,NA,"","","",NA,NA,7,2,"PM","3.0.6",59.9392096372801,NA
"","","computer","l","No","",NA,NA,NA,NA,0,0,0,0,0,9,9,9,NA,NA,NA,NA,NA,NA,NA,NA,NA,NA,NA,NA,NA,NA,NA,NA,NA,NA,NA,NA,NA,NA,NA,NA,NA,NA,NA,NA,"['l']","[0.500468899961561]",1,0.500468899961561,"",NA,"",NA,"","",NA,NA,"","",NA,NA,"","","",NA,NA,7,2,"PM","3.0.6",59.9392096372801,NA
"","","museum","l","No","",NA,NA,NA,NA,0,0,0,0,0,10,10,10,NA,NA,NA,NA,NA,NA,NA,NA,NA,NA,NA,NA,NA,NA,NA,NA,NA,NA,NA,NA,NA,NA,NA,NA,NA,NA,NA,NA,"['l']","[0.45089980005286634]",1,0.450899800052866,"",NA,"",NA,"","",NA,NA,"","",NA,NA,"","","",NA,NA,7,2,"PM","3.0.6",59.9392096372801,NA
"","","computer","d","HIT","",NA,NA,NA,NA,0,0,0,0,0,11,11,11,NA,NA,NA,NA,NA,NA,NA,NA,NA,NA,NA,NA,NA,NA,NA,NA,NA,NA,NA,NA,NA,NA,NA,NA,NA,NA,NA,NA,"['d']","[0.5173892000457272]",1,0.517389200045727,"",NA,"",NA,"","",NA,NA,"","",NA,NA,"","","",NA,NA,7,2,"PM","3.0.6",59.9392096372801,NA
"","","art","l","No","",NA,NA,NA,NA,0,0,0,0,0,12,12,12,NA,NA,NA,NA,NA,NA,NA,NA,NA,NA,NA,NA,NA,NA,NA,NA,NA,NA,NA,NA,NA,NA,NA,NA,NA,NA,NA,NA,"['l']","[0.43379070004448295]",1,0.433790700044483,"",NA,"",NA,"","",NA,NA,"","",NA,NA,"","","",NA,NA,7,2,"PM","3.0.6",59.9392096372801,NA
"","","museum","l","No","",NA,NA,NA,NA,0,0,0,0,0,13,13,13,NA,NA,NA,NA,NA,NA,NA,NA,NA,NA,NA,NA,NA,NA,NA,NA,NA,NA,NA,NA,NA,NA,NA,NA,NA,NA,NA,NA,"['l']","[0.5842125000199303]",1,0.58421250001993,"",NA,"",NA,"","",NA,NA,"","",NA,NA,"","","",NA,NA,7,2,"PM","3.0.6",59.9392096372801,NA
"","","art","d","HIT","",NA,NA,NA,NA,0,0,0,0,0,14,14,14,NA,NA,NA,NA,NA,NA,NA,NA,NA,NA,NA,NA,NA,NA,NA,NA,NA,NA,NA,NA,NA,NA,NA,NA,NA,NA,NA,NA,"['d']","[0.38378809997811913]",1,0.383788099978119,"",NA,"",NA,"","",NA,NA,"","",NA,NA,"","","",NA,NA,7,2,"PM","3.0.6",59.9392096372801,NA
"","","danger","l","No","",NA,NA,NA,NA,0,0,0,0,0,15,15,15,NA,NA,NA,NA,NA,NA,NA,NA,NA,NA,NA,NA,NA,NA,NA,NA,NA,NA,NA,NA,NA,NA,NA,NA,NA,NA,NA,NA,"['l']","[0.41778820008039474]",1,0.417788200080395,"",NA,"",NA,"","",NA,NA,"","",NA,NA,"","","",NA,NA,7,2,"PM","3.0.6",59.9392096372801,NA
"","","","","","",NA,NA,NA,NA,0,0,0,0,NA,NA,NA,NA,NA,NA,NA,NA,NA,NA,NA,NA,NA,NA,NA,NA,NA,NA,NA,NA,NA,NA,NA,NA,NA,NA,NA,NA,NA,NA,NA,NA,"","",NA,NA,"n",5.42920470004901,"",NA,"","",NA,NA,"","",NA,NA,"","","",NA,NA,7,2,"PM","3.0.6",59.9392096372801,NA
"","","","","","",NA,NA,NA,NA,NA,NA,NA,NA,NA,NA,NA,NA,NA,NA,NA,NA,NA,NA,NA,NA,NA,NA,NA,NA,NA,NA,NA,NA,NA,NA,NA,NA,NA,NA,NA,NA,NA,NA,NA,NA,"","",NA,NA,"",NA,"space",1.16716179996729,"","",NA,NA,"","",NA,NA,"","","",NA,NA,7,2,"PM","3.0.6",59.9392096372801,NA
"","","storm","l","No","",NA,NA,NA,NA,NA,NA,NA,NA,NA,NA,NA,NA,0,0,0,0,NA,NA,NA,NA,NA,NA,NA,NA,NA,NA,NA,NA,NA,NA,NA,NA,NA,NA,NA,NA,NA,NA,NA,NA,"","",NA,NA,"",NA,"",NA,"['l']","[0.7506113999988884]",1,0.750611399998888,"","",NA,NA,"","","",NA,NA,7,2,"PM","3.0.6",59.9392096372801,NA
"","","glass","l","No","",NA,NA,NA,NA,NA,NA,NA,NA,NA,NA,NA,NA,0,1,1,1,NA,NA,NA,NA,NA,NA,NA,NA,NA,NA,NA,NA,NA,NA,NA,NA,NA,NA,NA,NA,NA,NA,NA,NA,"","",NA,NA,"",NA,"",NA,"['l']","[0.6841170999687165]",1,0.684117099968717,"","",NA,NA,"","","",NA,NA,7,2,"PM","3.0.6",59.9392096372801,NA
"","","umbrella","l","No","",NA,NA,NA,NA,NA,NA,NA,NA,NA,NA,NA,NA,0,2,2,2,NA,NA,NA,NA,NA,NA,NA,NA,NA,NA,NA,NA,NA,NA,NA,NA,NA,NA,NA,NA,NA,NA,NA,NA,"","",NA,NA,"",NA,"",NA,"['l']","[0.6505399000598118]",1,0.650539900059812,"","",NA,NA,"","","",NA,NA,7,2,"PM","3.0.6",59.9392096372801,NA
"","","glass","d","HIT","",NA,NA,NA,NA,NA,NA,NA,NA,NA,NA,NA,NA,0,3,3,3,NA,NA,NA,NA,NA,NA,NA,NA,NA,NA,NA,NA,NA,NA,NA,NA,NA,NA,NA,NA,NA,NA,NA,NA,"","",NA,NA,"",NA,"",NA,"['d']","[0.3841676999581978]",1,0.384167699958198,"","",NA,NA,"","","",NA,NA,7,2,"PM","3.0.6",59.9392096372801,NA
"","","farm","l","No","",NA,NA,NA,NA,NA,NA,NA,NA,NA,NA,NA,NA,0,4,4,4,NA,NA,NA,NA,NA,NA,NA,NA,NA,NA,NA,NA,NA,NA,NA,NA,NA,NA,NA,NA,NA,NA,NA,NA,"","",NA,NA,"",NA,"",NA,"['l']","[0.4173170999856666]",1,0.417317099985667,"","",NA,NA,"","","",NA,NA,7,2,"PM","3.0.6",59.9392096372801,NA
"","","air","l","No","",NA,NA,NA,NA,NA,NA,NA,NA,NA,NA,NA,NA,0,5,5,5,NA,NA,NA,NA,NA,NA,NA,NA,NA,NA,NA,NA,NA,NA,NA,NA,NA,NA,NA,NA,NA,NA,NA,NA,"","",NA,NA,"",NA,"",NA,"['l']","[0.4002943999366835]",1,0.400294399936683,"","",NA,NA,"","","",NA,NA,7,2,"PM","3.0.6",59.9392096372801,NA
"","","farm","d","HIT","",NA,NA,NA,NA,NA,NA,NA,NA,NA,NA,NA,NA,0,6,6,6,NA,NA,NA,NA,NA,NA,NA,NA,NA,NA,NA,NA,NA,NA,NA,NA,NA,NA,NA,NA,NA,NA,NA,NA,"","",NA,NA,"",NA,"",NA,"['d']","[0.36710389994550496]",1,0.367103899945505,"","",NA,NA,"","","",NA,NA,7,2,"PM","3.0.6",59.9392096372801,NA
"","","white","l","No","",NA,NA,NA,NA,NA,NA,NA,NA,NA,NA,NA,NA,0,7,7,7,NA,NA,NA,NA,NA,NA,NA,NA,NA,NA,NA,NA,NA,NA,NA,NA,NA,NA,NA,NA,NA,NA,NA,NA,"","",NA,NA,"",NA,"",NA,"['l']","[0.41719349997583777]",1,0.417193499975838,"","",NA,NA,"","","",NA,NA,7,2,"PM","3.0.6",59.9392096372801,NA
"","","rough","l","No","",NA,NA,NA,NA,NA,NA,NA,NA,NA,NA,NA,NA,0,8,8,8,NA,NA,NA,NA,NA,NA,NA,NA,NA,NA,NA,NA,NA,NA,NA,NA,NA,NA,NA,NA,NA,NA,NA,NA,"","",NA,NA,"",NA,"",NA,"['l']","[0.43356060003861785]",1,0.433560600038618,"","",NA,NA,"","","",NA,NA,7,2,"PM","3.0.6",59.9392096372801,NA
"","","white","d","HIT","",NA,NA,NA,NA,NA,NA,NA,NA,NA,NA,NA,NA,0,9,9,9,NA,NA,NA,NA,NA,NA,NA,NA,NA,NA,NA,NA,NA,NA,NA,NA,NA,NA,NA,NA,NA,NA,NA,NA,"","",NA,NA,"",NA,"",NA,"['d']","[0.38415200007148087]",1,0.384152000071481,"","",NA,NA,"","","",NA,NA,7,2,"PM","3.0.6",59.9392096372801,NA
"","","passage","l","No","",NA,NA,NA,NA,NA,NA,NA,NA,NA,NA,NA,NA,0,10,10,10,NA,NA,NA,NA,NA,NA,NA,NA,NA,NA,NA,NA,NA,NA,NA,NA,NA,NA,NA,NA,NA,NA,NA,NA,"","",NA,NA,"",NA,"",NA,"['l']","[0.45049249997828156]",1,0.450492499978282,"","",NA,NA,"","","",NA,NA,7,2,"PM","3.0.6",59.9392096372801,NA
"","","education","l","No","",NA,NA,NA,NA,NA,NA,NA,NA,NA,NA,NA,NA,0,11,11,11,NA,NA,NA,NA,NA,NA,NA,NA,NA,NA,NA,NA,NA,NA,NA,NA,NA,NA,NA,NA,NA,NA,NA,NA,"","",NA,NA,"",NA,"",NA,"['l']","[0.6004452999914065]",1,0.600445299991407,"","",NA,NA,"","","",NA,NA,7,2,"PM","3.0.6",59.9392096372801,NA
"","","passage","d","HIT","",NA,NA,NA,NA,NA,NA,NA,NA,NA,NA,NA,NA,0,12,12,12,NA,NA,NA,NA,NA,NA,NA,NA,NA,NA,NA,NA,NA,NA,NA,NA,NA,NA,NA,NA,NA,NA,NA,NA,"","",NA,NA,"",NA,"",NA,"['d']","[0.6008072999538854]",1,0.600807299953885,"","",NA,NA,"","","",NA,NA,7,2,"PM","3.0.6",59.9392096372801,NA
"","","clock","l","No","",NA,NA,NA,NA,NA,NA,NA,NA,NA,NA,NA,NA,0,13,13,13,NA,NA,NA,NA,NA,NA,NA,NA,NA,NA,NA,NA,NA,NA,NA,NA,NA,NA,NA,NA,NA,NA,NA,NA,"","",NA,NA,"",NA,"",NA,"['l']","[0.43418140010908246]",1,0.434181400109082,"","",NA,NA,"","","",NA,NA,7,2,"PM","3.0.6",59.9392096372801,NA
"","","rough","l","No","",NA,NA,NA,NA,NA,NA,NA,NA,NA,NA,NA,NA,0,14,14,14,NA,NA,NA,NA,NA,NA,NA,NA,NA,NA,NA,NA,NA,NA,NA,NA,NA,NA,NA,NA,NA,NA,NA,NA,"","",NA,NA,"",NA,"",NA,"['l']","[0.4509729999117553]",1,0.450972999911755,"","",NA,NA,"","","",NA,NA,7,2,"PM","3.0.6",59.9392096372801,NA
"","","clock","d","HIT","",NA,NA,NA,NA,NA,NA,NA,NA,NA,NA,NA,NA,0,15,15,15,NA,NA,NA,NA,NA,NA,NA,NA,NA,NA,NA,NA,NA,NA,NA,NA,NA,NA,NA,NA,NA,NA,NA,NA,"","",NA,NA,"",NA,"",NA,"['d']","[0.7675177999772131]",1,0.767517799977213,"","",NA,NA,"","","",NA,NA,7,2,"PM","3.0.6",59.9392096372801,NA
"","","trumpet","l","No","",NA,NA,NA,NA,NA,NA,NA,NA,NA,NA,NA,NA,0,16,16,16,NA,NA,NA,NA,NA,NA,NA,NA,NA,NA,NA,NA,NA,NA,NA,NA,NA,NA,NA,NA,NA,NA,NA,NA,"","",NA,NA,"",NA,"",NA,"['l']","[0.6169120999984443]",1,0.616912099998444,"","",NA,NA,"","","",NA,NA,7,2,"PM","3.0.6",59.9392096372801,NA
"","","violin","l","No","",NA,NA,NA,NA,NA,NA,NA,NA,NA,NA,NA,NA,0,17,17,17,NA,NA,NA,NA,NA,NA,NA,NA,NA,NA,NA,NA,NA,NA,NA,NA,NA,NA,NA,NA,NA,NA,NA,NA,"","",NA,NA,"",NA,"",NA,"['l']","[0.4003687999211252]",1,0.400368799921125,"","",NA,NA,"","","",NA,NA,7,2,"PM","3.0.6",59.9392096372801,NA
"","","ankle","l","No","",NA,NA,NA,NA,NA,NA,NA,NA,NA,NA,NA,NA,0,18,18,18,NA,NA,NA,NA,NA,NA,NA,NA,NA,NA,NA,NA,NA,NA,NA,NA,NA,NA,NA,NA,NA,NA,NA,NA,"","",NA,NA,"",NA,"",NA,"['l']","[0.45039979997090995]",1,0.45039979997091,"","",NA,NA,"","","",NA,NA,7,2,"PM","3.0.6",59.9392096372801,NA
"","","crisis","l","No","",NA,NA,NA,NA,NA,NA,NA,NA,NA,NA,NA,NA,0,19,19,19,NA,NA,NA,NA,NA,NA,NA,NA,NA,NA,NA,NA,NA,NA,NA,NA,NA,NA,NA,NA,NA,NA,NA,NA,"","",NA,NA,"",NA,"",NA,"['l']","[0.4171453999588266]",1,0.417145399958827,"","",NA,NA,"","","",NA,NA,7,2,"PM","3.0.6",59.9392096372801,NA
"","","ankle","d","HIT","",NA,NA,NA,NA,NA,NA,NA,NA,NA,NA,NA,NA,0,20,20,20,NA,NA,NA,NA,NA,NA,NA,NA,NA,NA,NA,NA,NA,NA,NA,NA,NA,NA,NA,NA,NA,NA,NA,NA,"","",NA,NA,"",NA,"",NA,"['d']","[0.5336298999609426]",1,0.533629899960943,"","",NA,NA,"","","",NA,NA,7,2,"PM","3.0.6",59.9392096372801,NA
"","","mistake","l","No","",NA,NA,NA,NA,NA,NA,NA,NA,NA,NA,NA,NA,0,21,21,21,NA,NA,NA,NA,NA,NA,NA,NA,NA,NA,NA,NA,NA,NA,NA,NA,NA,NA,NA,NA,NA,NA,NA,NA,"","",NA,NA,"",NA,"",NA,"['l']","[0.43435220001265407]",1,0.434352200012654,"","",NA,NA,"","","",NA,NA,7,2,"PM","3.0.6",59.9392096372801,NA
"","","education","l","No","",NA,NA,NA,NA,NA,NA,NA,NA,NA,NA,NA,NA,0,22,22,22,NA,NA,NA,NA,NA,NA,NA,NA,NA,NA,NA,NA,NA,NA,NA,NA,NA,NA,NA,NA,NA,NA,NA,NA,"","",NA,NA,"",NA,"",NA,"['d', 'l']","[0.46759489993564785, 2.1509431999875233]",0,0.467594899935648,"","",NA,NA,"","","",NA,NA,7,2,"PM","3.0.6",59.9392096372801,NA
"","","mistake","d","HIT","",NA,NA,NA,NA,NA,NA,NA,NA,NA,NA,NA,NA,0,23,23,23,NA,NA,NA,NA,NA,NA,NA,NA,NA,NA,NA,NA,NA,NA,NA,NA,NA,NA,NA,NA,NA,NA,NA,NA,"","",NA,NA,"",NA,"",NA,"['l', 'l', 'd']","[1.0170679000439122, 1.7337125000776723, 1.983875900041312]",0,1.01706790004391,"","",NA,NA,"","","",NA,NA,7,2,"PM","3.0.6",59.9392096372801,NA
"","","trumpet","l","No","",NA,NA,NA,NA,NA,NA,NA,NA,NA,NA,NA,NA,0,24,24,24,NA,NA,NA,NA,NA,NA,NA,NA,NA,NA,NA,NA,NA,NA,NA,NA,NA,NA,NA,NA,NA,NA,NA,NA,"","",NA,NA,"",NA,"",NA,"['l']","[0.833988800062798]",1,0.833988800062798,"","",NA,NA,"","","",NA,NA,7,2,"PM","3.0.6",59.9392096372801,NA
"","","bar","l","No","",NA,NA,NA,NA,NA,NA,NA,NA,NA,NA,NA,NA,0,25,25,25,NA,NA,NA,NA,NA,NA,NA,NA,NA,NA,NA,NA,NA,NA,NA,NA,NA,NA,NA,NA,NA,NA,NA,NA,"","",NA,NA,"",NA,"",NA,"['l']","[0.5838718999875709]",1,0.583871899987571,"","",NA,NA,"","","",NA,NA,7,2,"PM","3.0.6",59.9392096372801,NA
"","","violin","l","No","",NA,NA,NA,NA,NA,NA,NA,NA,NA,NA,NA,NA,0,26,26,26,NA,NA,NA,NA,NA,NA,NA,NA,NA,NA,NA,NA,NA,NA,NA,NA,NA,NA,NA,NA,NA,NA,NA,NA,"","",NA,NA,"",NA,"",NA,"['d']","[0.9337845999980345]",0,0.933784599998034,"","",NA,NA,"","","",NA,NA,7,2,"PM","3.0.6",59.9392096372801,NA
"","","bar","d","HIT","",NA,NA,NA,NA,NA,NA,NA,NA,NA,NA,NA,NA,0,27,27,27,NA,NA,NA,NA,NA,NA,NA,NA,NA,NA,NA,NA,NA,NA,NA,NA,NA,NA,NA,NA,NA,NA,NA,NA,"","",NA,NA,"",NA,"",NA,"['d']","[1.3835936000104994]",1,1.3835936000105,"","",NA,NA,"","","",NA,NA,7,2,"PM","3.0.6",59.9392096372801,NA
"","","tree","l","No","",NA,NA,NA,NA,NA,NA,NA,NA,NA,NA,NA,NA,0,28,28,28,NA,NA,NA,NA,NA,NA,NA,NA,NA,NA,NA,NA,NA,NA,NA,NA,NA,NA,NA,NA,NA,NA,NA,NA,"","",NA,NA,"",NA,"",NA,"['l']","[0.5007052000146359]",1,0.500705200014636,"","",NA,NA,"","","",NA,NA,7,2,"PM","3.0.6",59.9392096372801,NA
"","","storm","l","No","",NA,NA,NA,NA,NA,NA,NA,NA,NA,NA,NA,NA,0,29,29,29,NA,NA,NA,NA,NA,NA,NA,NA,NA,NA,NA,NA,NA,NA,NA,NA,NA,NA,NA,NA,NA,NA,NA,NA,"","",NA,NA,"",NA,"",NA,"['l']","[0.700444099958986]",1,0.700444099958986,"","",NA,NA,"","","",NA,NA,7,2,"PM","3.0.6",59.9392096372801,NA
"","","tree","d","HIT","",NA,NA,NA,NA,NA,NA,NA,NA,NA,NA,NA,NA,0,30,30,30,NA,NA,NA,NA,NA,NA,NA,NA,NA,NA,NA,NA,NA,NA,NA,NA,NA,NA,NA,NA,NA,NA,NA,NA,"","",NA,NA,"",NA,"",NA,"['d']","[0.48402999993413687]",1,0.484029999934137,"","",NA,NA,"","","",NA,NA,7,2,"PM","3.0.6",59.9392096372801,NA
"","","news","l","No","",NA,NA,NA,NA,NA,NA,NA,NA,NA,NA,NA,NA,0,31,31,31,NA,NA,NA,NA,NA,NA,NA,NA,NA,NA,NA,NA,NA,NA,NA,NA,NA,NA,NA,NA,NA,NA,NA,NA,"","",NA,NA,"",NA,"",NA,"['l']","[0.5172350000357255]",1,0.517235000035726,"","",NA,NA,"","","",NA,NA,7,2,"PM","3.0.6",59.9392096372801,NA
"","","air","l","No","",NA,NA,NA,NA,NA,NA,NA,NA,NA,NA,NA,NA,0,32,32,32,NA,NA,NA,NA,NA,NA,NA,NA,NA,NA,NA,NA,NA,NA,NA,NA,NA,NA,NA,NA,NA,NA,NA,NA,"","",NA,NA,"",NA,"",NA,"['l']","[0.8503158000530675]",1,0.850315800053068,"","",NA,NA,"","","",NA,NA,7,2,"PM","3.0.6",59.9392096372801,NA
"","","news","d","HIT","",NA,NA,NA,NA,NA,NA,NA,NA,NA,NA,NA,NA,0,33,33,33,NA,NA,NA,NA,NA,NA,NA,NA,NA,NA,NA,NA,NA,NA,NA,NA,NA,NA,NA,NA,NA,NA,NA,NA,"","",NA,NA,"",NA,"",NA,"['d']","[0.4839935000054538]",1,0.483993500005454,"","",NA,NA,"","","",NA,NA,7,2,"PM","3.0.6",59.9392096372801,NA
"","","dirty","l","No","",NA,NA,NA,NA,NA,NA,NA,NA,NA,NA,NA,NA,0,34,34,34,NA,NA,NA,NA,NA,NA,NA,NA,NA,NA,NA,NA,NA,NA,NA,NA,NA,NA,NA,NA,NA,NA,NA,NA,"","",NA,NA,"",NA,"",NA,"['l']","[0.5007466000970453]",1,0.500746600097045,"","",NA,NA,"","","",NA,NA,7,2,"PM","3.0.6",59.9392096372801,NA
"","","umbrella","l","No","",NA,NA,NA,NA,NA,NA,NA,NA,NA,NA,NA,NA,0,35,35,35,NA,NA,NA,NA,NA,NA,NA,NA,NA,NA,NA,NA,NA,NA,NA,NA,NA,NA,NA,NA,NA,NA,NA,NA,"","",NA,NA,"",NA,"",NA,"['l']","[0.566638799966313]",1,0.566638799966313,"","",NA,NA,"","","",NA,NA,7,2,"PM","3.0.6",59.9392096372801,NA
"","","dirty","d","HIT","",NA,NA,NA,NA,NA,NA,NA,NA,NA,NA,NA,NA,0,36,36,36,NA,NA,NA,NA,NA,NA,NA,NA,NA,NA,NA,NA,NA,NA,NA,NA,NA,NA,NA,NA,NA,NA,NA,NA,"","",NA,NA,"",NA,"",NA,"['d']","[0.717436800012365]",1,0.717436800012365,"","",NA,NA,"","","",NA,NA,7,2,"PM","3.0.6",59.9392096372801,NA
"","","manner","l","No","",NA,NA,NA,NA,NA,NA,NA,NA,NA,NA,NA,NA,0,37,37,37,NA,NA,NA,NA,NA,NA,NA,NA,NA,NA,NA,NA,NA,NA,NA,NA,NA,NA,NA,NA,NA,NA,NA,NA,"","",NA,NA,"",NA,"",NA,"['l']","[0.5173582000425085]",1,0.517358200042509,"","",NA,NA,"","","",NA,NA,7,2,"PM","3.0.6",59.9392096372801,NA
"","","crisis","l","No","",NA,NA,NA,NA,NA,NA,NA,NA,NA,NA,NA,NA,0,38,38,38,NA,NA,NA,NA,NA,NA,NA,NA,NA,NA,NA,NA,NA,NA,NA,NA,NA,NA,NA,NA,NA,NA,NA,NA,"","",NA,NA,"",NA,"",NA,"['l']","[0.46736030001193285]",1,0.467360300011933,"","",NA,NA,"","","",NA,NA,7,2,"PM","3.0.6",59.9392096372801,NA
"","","manner","d","HIT","",NA,NA,NA,NA,NA,NA,NA,NA,NA,NA,NA,NA,0,39,39,39,NA,NA,NA,NA,NA,NA,NA,NA,NA,NA,NA,NA,NA,NA,NA,NA,NA,NA,NA,NA,NA,NA,NA,NA,"","",NA,NA,"",NA,"",NA,"['d']","[0.6169608999043703]",1,0.61696089990437,"","",NA,NA,"","","",NA,NA,7,2,"PM","3.0.6",59.9392096372801,NA
"","","","","","village",NA,NA,NA,NA,NA,NA,NA,NA,NA,NA,NA,NA,NA,NA,NA,NA,0,0,0,0,NA,NA,NA,NA,NA,NA,NA,NA,NA,NA,NA,NA,NA,NA,NA,NA,NA,NA,NA,NA,"","",NA,NA,"",NA,"",NA,"","",NA,NA,"","",NA,NA,"","","",NA,NA,7,2,"PM","3.0.6",59.9392096372801,NA
"","","","","","detail",NA,NA,NA,NA,NA,NA,NA,NA,NA,NA,NA,NA,NA,NA,NA,NA,0,1,1,1,NA,NA,NA,NA,NA,NA,NA,NA,NA,NA,NA,NA,NA,NA,NA,NA,NA,NA,NA,NA,"","",NA,NA,"",NA,"",NA,"","",NA,NA,"","",NA,NA,"","","",NA,NA,7,2,"PM","3.0.6",59.9392096372801,NA
"","","","","","circle",NA,NA,NA,NA,NA,NA,NA,NA,NA,NA,NA,NA,NA,NA,NA,NA,0,2,2,2,NA,NA,NA,NA,NA,NA,NA,NA,NA,NA,NA,NA,NA,NA,NA,NA,NA,NA,NA,NA,"","",NA,NA,"",NA,"",NA,"","",NA,NA,"","",NA,NA,"","","",NA,NA,7,2,"PM","3.0.6",59.9392096372801,NA
"","","","","","circle",NA,NA,NA,NA,NA,NA,NA,NA,NA,NA,NA,NA,NA,NA,NA,NA,NA,NA,NA,NA,0,0,0,2,NA,NA,NA,NA,NA,NA,NA,NA,NA,NA,NA,NA,NA,NA,NA,NA,"","",NA,NA,"",NA,"",NA,"","",NA,NA,"","",NA,NA,"","","",NA,NA,7,2,"PM","3.0.6",59.9392096372801,NA
"","","","","","detail",NA,NA,NA,NA,NA,NA,NA,NA,NA,NA,NA,NA,NA,NA,NA,NA,NA,NA,NA,NA,0,1,1,1,NA,NA,NA,NA,NA,NA,NA,NA,NA,NA,NA,NA,NA,NA,NA,NA,"","",NA,NA,"",NA,"",NA,"","",NA,NA,"","",NA,NA,"","","",NA,NA,7,2,"PM","3.0.6",59.9392096372801,NA
"","","","","","village",NA,NA,NA,NA,NA,NA,NA,NA,NA,NA,NA,NA,NA,NA,NA,NA,NA,NA,NA,NA,0,2,2,0,NA,NA,NA,NA,NA,NA,NA,NA,NA,NA,NA,NA,NA,NA,NA,NA,"","",NA,NA,"",NA,"",NA,"","",NA,NA,"","",NA,NA,"","","",NA,NA,7,2,"PM","3.0.6",59.9392096372801,NA
"","","","","","",NA,NA,NA,NA,NA,NA,NA,NA,NA,NA,NA,NA,NA,NA,NA,NA,NA,NA,NA,NA,NA,NA,NA,NA,0,0,0,0,NA,NA,NA,NA,NA,NA,NA,NA,27,2.28378240007441,86,2.23369189992081,"","",NA,NA,"",NA,"",NA,"","",NA,NA,"","",NA,NA,"","","",NA,NA,7,2,"PM","3.0.6",59.9392096372801,NA
"","","","","","",NA,NA,NA,NA,NA,NA,NA,NA,NA,NA,NA,NA,NA,NA,NA,NA,NA,NA,NA,NA,NA,NA,NA,NA,1,0,1,0,NA,NA,NA,NA,NA,NA,NA,NA,49,2.96661809994839,82,1.36690570006613,"","",NA,NA,"",NA,"",NA,"","",NA,NA,"","",NA,NA,"","","",NA,NA,7,2,"PM","3.0.6",59.9392096372801,NA
"","","finger","l","No","",NA,NA,NA,NA,NA,NA,NA,NA,NA,NA,NA,NA,NA,NA,NA,NA,NA,NA,NA,NA,NA,NA,NA,NA,NA,NA,NA,NA,0,0,0,0,NA,NA,NA,NA,NA,NA,NA,NA,"","",NA,NA,"",NA,"",NA,"","",NA,NA,"['l']","[0.9897945000557229]",0.989794500055723,1,"[]","","",NA,NA,7,2,"PM","3.0.6",59.9392096372801,NA
"","","person","l","No","",NA,NA,NA,NA,NA,NA,NA,NA,NA,NA,NA,NA,NA,NA,NA,NA,NA,NA,NA,NA,NA,NA,NA,NA,NA,NA,NA,NA,0,1,1,1,NA,NA,NA,NA,NA,NA,NA,NA,"","",NA,NA,"",NA,"",NA,"","",NA,NA,"['l']","[1.067202900070697]",1.0672029000707,1,"[]","","",NA,NA,7,2,"PM","3.0.6",59.9392096372801,NA
"","","barrel","l","No ","",NA,NA,NA,NA,NA,NA,NA,NA,NA,NA,NA,NA,NA,NA,NA,NA,NA,NA,NA,NA,NA,NA,NA,NA,NA,NA,NA,NA,0,2,2,2,NA,NA,NA,NA,NA,NA,NA,NA,"","",NA,NA,"",NA,"",NA,"","",NA,NA,"['l']","[0.6341539999702945]",0.634153999970295,1,"[]","","",NA,NA,7,2,"PM","3.0.6",59.9392096372801,NA
"","","person","d","HIT","",NA,NA,NA,NA,NA,NA,NA,NA,NA,NA,NA,NA,NA,NA,NA,NA,NA,NA,NA,NA,NA,NA,NA,NA,NA,NA,NA,NA,0,3,3,3,NA,NA,NA,NA,NA,NA,NA,NA,"","",NA,NA,"",NA,"",NA,"","",NA,NA,"['d']","[0.5173394000157714]",0.517339400015771,1,"[]","","",NA,NA,7,2,"PM","3.0.6",59.9392096372801,NA
"","","window","l","No","",NA,NA,NA,NA,NA,NA,NA,NA,NA,NA,NA,NA,NA,NA,NA,NA,NA,NA,NA,NA,NA,NA,NA,NA,NA,NA,NA,NA,0,4,4,4,NA,NA,NA,NA,NA,NA,NA,NA,"","",NA,NA,"",NA,"",NA,"","",NA,NA,"['l']","[0.6008515000576153]",0.600851500057615,1,"[]","","",NA,NA,7,2,"PM","3.0.6",59.9392096372801,NA
"","","capable","l","No ","",NA,NA,NA,NA,NA,NA,NA,NA,NA,NA,NA,NA,NA,NA,NA,NA,NA,NA,NA,NA,NA,NA,NA,NA,NA,NA,NA,NA,0,5,5,5,NA,NA,NA,NA,NA,NA,NA,NA,"","",NA,NA,"",NA,"",NA,"","",NA,NA,"['l']","[1.4007321000099182]",1.40073210000992,1,"[]","","",NA,NA,7,2,"PM","3.0.6",59.9392096372801,NA
"","","window","d","HIT","",NA,NA,NA,NA,NA,NA,NA,NA,NA,NA,NA,NA,NA,NA,NA,NA,NA,NA,NA,NA,NA,NA,NA,NA,NA,NA,NA,NA,0,6,6,6,NA,NA,NA,NA,NA,NA,NA,NA,"","",NA,NA,"",NA,"",NA,"","",NA,NA,"['d']","[0.5176568999886513]",0.517656899988651,1,"[]","","",NA,NA,7,2,"PM","3.0.6",59.9392096372801,NA
"","","answer","l","No ","",NA,NA,NA,NA,NA,NA,NA,NA,NA,NA,NA,NA,NA,NA,NA,NA,NA,NA,NA,NA,NA,NA,NA,NA,NA,NA,NA,NA,0,7,7,7,NA,NA,NA,NA,NA,NA,NA,NA,"","",NA,NA,"",NA,"",NA,"","",NA,NA,"['l']","[0.8173940000124276]",0.817394000012428,1,"[]","","",NA,NA,7,2,"PM","3.0.6",59.9392096372801,NA
"","","horse","l","No","",NA,NA,NA,NA,NA,NA,NA,NA,NA,NA,NA,NA,NA,NA,NA,NA,NA,NA,NA,NA,NA,NA,NA,NA,NA,NA,NA,NA,0,8,8,8,NA,NA,NA,NA,NA,NA,NA,NA,"","",NA,NA,"",NA,"",NA,"","",NA,NA,"['l']","[0.7838983000256121]",0.783898300025612,1,"[]","","",NA,NA,7,2,"PM","3.0.6",59.9392096372801,NA
"","","answer","d","HIT","",NA,NA,NA,NA,NA,NA,NA,NA,NA,NA,NA,NA,NA,NA,NA,NA,NA,NA,NA,NA,NA,NA,NA,NA,NA,NA,NA,NA,0,9,9,9,NA,NA,NA,NA,NA,NA,NA,NA,"","",NA,NA,"",NA,"",NA,"","",NA,NA,"['d']","[0.6671306000789627]",0.667130600078963,1,"[]","","",NA,NA,7,2,"PM","3.0.6",59.9392096372801,NA
"","","smooth","l","No ","",NA,NA,NA,NA,NA,NA,NA,NA,NA,NA,NA,NA,NA,NA,NA,NA,NA,NA,NA,NA,NA,NA,NA,NA,NA,NA,NA,NA,0,10,10,10,NA,NA,NA,NA,NA,NA,NA,NA,"","",NA,NA,"",NA,"",NA,"","",NA,NA,"['l']","[0.6004181000171229]",0.600418100017123,1,"[]","","",NA,NA,7,2,"PM","3.0.6",59.9392096372801,NA
"","","employment","l","No ","",NA,NA,NA,NA,NA,NA,NA,NA,NA,NA,NA,NA,NA,NA,NA,NA,NA,NA,NA,NA,NA,NA,NA,NA,NA,NA,NA,NA,0,11,11,11,NA,NA,NA,NA,NA,NA,NA,NA,"","",NA,NA,"",NA,"",NA,"","",NA,NA,"['l']","[0.6342074000276625]",0.634207400027663,1,"[]","","",NA,NA,7,2,"PM","3.0.6",59.9392096372801,NA
"","","smooth","d","HIT","",NA,NA,NA,NA,NA,NA,NA,NA,NA,NA,NA,NA,NA,NA,NA,NA,NA,NA,NA,NA,NA,NA,NA,NA,NA,NA,NA,NA,0,12,12,12,NA,NA,NA,NA,NA,NA,NA,NA,"","",NA,NA,"",NA,"",NA,"","",NA,NA,"['d']","[0.750366699998267]",0.750366699998267,1,"[]","","",NA,NA,7,2,"PM","3.0.6",59.9392096372801,NA
"","","detail","h","PM cue","",NA,NA,NA,NA,NA,NA,NA,NA,NA,NA,NA,NA,NA,NA,NA,NA,NA,NA,NA,NA,NA,NA,NA,NA,NA,NA,NA,NA,0,13,13,13,NA,NA,NA,NA,NA,NA,NA,NA,"","",NA,NA,"",NA,"",NA,"","",NA,NA,"['h']","[1.2839990999782458]",1.28399909997825,1,"1","","",NA,NA,7,2,"PM","3.0.6",59.9392096372801,NA
"","","radio","l","No ","",NA,NA,NA,NA,NA,NA,NA,NA,NA,NA,NA,NA,NA,NA,NA,NA,NA,NA,NA,NA,NA,NA,NA,NA,NA,NA,NA,NA,0,14,14,14,NA,NA,NA,NA,NA,NA,NA,NA,"","",NA,NA,"",NA,"",NA,"","",NA,NA,"['l']","[0.7841803000774235]",0.784180300077423,1,"[]","","",NA,NA,7,2,"PM","3.0.6",59.9392096372801,NA
"","","finger","l","No ","",NA,NA,NA,NA,NA,NA,NA,NA,NA,NA,NA,NA,NA,NA,NA,NA,NA,NA,NA,NA,NA,NA,NA,NA,NA,NA,NA,NA,0,15,15,15,NA,NA,NA,NA,NA,NA,NA,NA,"","",NA,NA,"",NA,"",NA,"","",NA,NA,"['l']","[1.08416169998236]",1.08416169998236,1,"[]","","",NA,NA,7,2,"PM","3.0.6",59.9392096372801,NA
"","","radio","d","HIT","",NA,NA,NA,NA,NA,NA,NA,NA,NA,NA,NA,NA,NA,NA,NA,NA,NA,NA,NA,NA,NA,NA,NA,NA,NA,NA,NA,NA,0,16,16,16,NA,NA,NA,NA,NA,NA,NA,NA,"","",NA,NA,"",NA,"",NA,"","",NA,NA,"['d']","[0.6004707000683993]",0.600470700068399,1,"[]","","",NA,NA,7,2,"PM","3.0.6",59.9392096372801,NA
"","","grass","l","No ","",NA,NA,NA,NA,NA,NA,NA,NA,NA,NA,NA,NA,NA,NA,NA,NA,NA,NA,NA,NA,NA,NA,NA,NA,NA,NA,NA,NA,0,17,17,17,NA,NA,NA,NA,NA,NA,NA,NA,"","",NA,NA,"",NA,"",NA,"","",NA,NA,"['l']","[0.6669706999091431]",0.666970699909143,1,"[]","","",NA,NA,7,2,"PM","3.0.6",59.9392096372801,NA
"","","broken","l","No ","",NA,NA,NA,NA,NA,NA,NA,NA,NA,NA,NA,NA,NA,NA,NA,NA,NA,NA,NA,NA,NA,NA,NA,NA,NA,NA,NA,NA,0,18,18,18,NA,NA,NA,NA,NA,NA,NA,NA,"","",NA,NA,"",NA,"",NA,"","",NA,NA,"['l']","[0.8339058000128716]",0.833905800012872,1,"[]","","",NA,NA,7,2,"PM","3.0.6",59.9392096372801,NA
"","","grass","d","HIT","",NA,NA,NA,NA,NA,NA,NA,NA,NA,NA,NA,NA,NA,NA,NA,NA,NA,NA,NA,NA,NA,NA,NA,NA,NA,NA,NA,NA,0,19,19,19,NA,NA,NA,NA,NA,NA,NA,NA,"","",NA,NA,"",NA,"",NA,"","",NA,NA,"['d']","[0.7668527000350878]",0.766852700035088,1,"[]","","",NA,NA,7,2,"PM","3.0.6",59.9392096372801,NA
"","","table","l","No ","",NA,NA,NA,NA,NA,NA,NA,NA,NA,NA,NA,NA,NA,NA,NA,NA,NA,NA,NA,NA,NA,NA,NA,NA,NA,NA,NA,NA,0,20,20,20,NA,NA,NA,NA,NA,NA,NA,NA,"","",NA,NA,"",NA,"",NA,"","",NA,NA,"['l']","[1.300473199924454]",1.30047319992445,1,"[]","","",NA,NA,7,2,"PM","3.0.6",59.9392096372801,NA
"","","rifle","l","No ","",NA,NA,NA,NA,NA,NA,NA,NA,NA,NA,NA,NA,NA,NA,NA,NA,NA,NA,NA,NA,NA,NA,NA,NA,NA,NA,NA,NA,0,21,21,21,NA,NA,NA,NA,NA,NA,NA,NA,"","",NA,NA,"",NA,"",NA,"","",NA,NA,"['l']","[1.3173268999671564]",1.31732689996716,1,"[]","","",NA,NA,7,2,"PM","3.0.6",59.9392096372801,NA
"","","table","d","HIT","",NA,NA,NA,NA,NA,NA,NA,NA,NA,NA,NA,NA,NA,NA,NA,NA,NA,NA,NA,NA,NA,NA,NA,NA,NA,NA,NA,NA,0,22,22,22,NA,NA,NA,NA,NA,NA,NA,NA,"","",NA,NA,"",NA,"",NA,"","",NA,NA,"['d']","[1.11721099994611]",1.11721099994611,1,"[]","","",NA,NA,7,2,"PM","3.0.6",59.9392096372801,NA
"","","alert","l","No ","",NA,NA,NA,NA,NA,NA,NA,NA,NA,NA,NA,NA,NA,NA,NA,NA,NA,NA,NA,NA,NA,NA,NA,NA,NA,NA,NA,NA,0,23,23,23,NA,NA,NA,NA,NA,NA,NA,NA,"","",NA,NA,"",NA,"",NA,"","",NA,NA,"['l']","[0.7168132000369951]",0.716813200036995,1,"[]","","",NA,NA,7,2,"PM","3.0.6",59.9392096372801,NA
"","","village","h","PM cue","",NA,NA,NA,NA,NA,NA,NA,NA,NA,NA,NA,NA,NA,NA,NA,NA,NA,NA,NA,NA,NA,NA,NA,NA,NA,NA,NA,NA,0,24,24,24,NA,NA,NA,NA,NA,NA,NA,NA,"","",NA,NA,"",NA,"",NA,"","",NA,NA,"['h']","[0.8004856000188738]",0.800485600018874,1,"1","","",NA,NA,7,2,"PM","3.0.6",59.9392096372801,NA
"","","favour","l","No ","",NA,NA,NA,NA,NA,NA,NA,NA,NA,NA,NA,NA,NA,NA,NA,NA,NA,NA,NA,NA,NA,NA,NA,NA,NA,NA,NA,NA,0,25,25,25,NA,NA,NA,NA,NA,NA,NA,NA,"","",NA,NA,"",NA,"",NA,"","",NA,NA,"['l']","[0.5840074999723583]",0.584007499972358,1,"[]","","",NA,NA,7,2,"PM","3.0.6",59.9392096372801,NA
"","","barrel","l","No ","",NA,NA,NA,NA,NA,NA,NA,NA,NA,NA,NA,NA,NA,NA,NA,NA,NA,NA,NA,NA,NA,NA,NA,NA,NA,NA,NA,NA,0,26,26,26,NA,NA,NA,NA,NA,NA,NA,NA,"","",NA,NA,"",NA,"",NA,"","",NA,NA,"['l']","[1.4007285999832675]",1.40072859998327,1,"[]","","",NA,NA,7,2,"PM","3.0.6",59.9392096372801,NA
"","","favour","d","HIT","",NA,NA,NA,NA,NA,NA,NA,NA,NA,NA,NA,NA,NA,NA,NA,NA,NA,NA,NA,NA,NA,NA,NA,NA,NA,NA,NA,NA,0,27,27,27,NA,NA,NA,NA,NA,NA,NA,NA,"","",NA,NA,"",NA,"",NA,"","",NA,NA,"['d']","[0.6173868000041693]",0.617386800004169,1,"[]","","",NA,NA,7,2,"PM","3.0.6",59.9392096372801,NA
"","","material","l","No ","",NA,NA,NA,NA,NA,NA,NA,NA,NA,NA,NA,NA,NA,NA,NA,NA,NA,NA,NA,NA,NA,NA,NA,NA,NA,NA,NA,NA,0,28,28,28,NA,NA,NA,NA,NA,NA,NA,NA,"","",NA,NA,"",NA,"",NA,"","",NA,NA,"['l']","[0.8833901999751106]",0.883390199975111,1,"[]","","",NA,NA,7,2,"PM","3.0.6",59.9392096372801,NA
"","","employment","l","No ","",NA,NA,NA,NA,NA,NA,NA,NA,NA,NA,NA,NA,NA,NA,NA,NA,NA,NA,NA,NA,NA,NA,NA,NA,NA,NA,NA,NA,0,29,29,29,NA,NA,NA,NA,NA,NA,NA,NA,"","",NA,NA,"",NA,"",NA,"","",NA,NA,"['l']","[0.7674143000040203]",0.76741430000402,1,"[]","","",NA,NA,7,2,"PM","3.0.6",59.9392096372801,NA
"","","material","d","HIT","",NA,NA,NA,NA,NA,NA,NA,NA,NA,NA,NA,NA,NA,NA,NA,NA,NA,NA,NA,NA,NA,NA,NA,NA,NA,NA,NA,NA,0,30,30,30,NA,NA,NA,NA,NA,NA,NA,NA,"","",NA,NA,"",NA,"",NA,"","",NA,NA,"['d']","[0.6677791000111029]",0.667779100011103,1,"[]","","",NA,NA,7,2,"PM","3.0.6",59.9392096372801,NA
"","","hospital","l","No ","",NA,NA,NA,NA,NA,NA,NA,NA,NA,NA,NA,NA,NA,NA,NA,NA,NA,NA,NA,NA,NA,NA,NA,NA,NA,NA,NA,NA,0,31,31,31,NA,NA,NA,NA,NA,NA,NA,NA,"","",NA,NA,"",NA,"",NA,"","",NA,NA,"['l']","[0.8173018998932093]",0.817301899893209,1,"[]","","",NA,NA,7,2,"PM","3.0.6",59.9392096372801,NA
"","","colour","l","No","",NA,NA,NA,NA,NA,NA,NA,NA,NA,NA,NA,NA,NA,NA,NA,NA,NA,NA,NA,NA,NA,NA,NA,NA,NA,NA,NA,NA,0,32,32,32,NA,NA,NA,NA,NA,NA,NA,NA,"","",NA,NA,"",NA,"",NA,"","",NA,NA,"['l']","[0.6003548000007868]",0.600354800000787,1,"[]","","",NA,NA,7,2,"PM","3.0.6",59.9392096372801,NA
"","","hospital","d","HIT","",NA,NA,NA,NA,NA,NA,NA,NA,NA,NA,NA,NA,NA,NA,NA,NA,NA,NA,NA,NA,NA,NA,NA,NA,NA,NA,NA,NA,0,33,33,33,NA,NA,NA,NA,NA,NA,NA,NA,"","",NA,NA,"",NA,"",NA,"","",NA,NA,"['d']","[0.6836659000255167]",0.683665900025517,1,"[]","","",NA,NA,7,2,"PM","3.0.6",59.9392096372801,NA
"","","circle","h","PM cue","",NA,NA,NA,NA,NA,NA,NA,NA,NA,NA,NA,NA,NA,NA,NA,NA,NA,NA,NA,NA,NA,NA,NA,NA,NA,NA,NA,NA,0,34,34,34,NA,NA,NA,NA,NA,NA,NA,NA,"","",NA,NA,"",NA,"",NA,"","",NA,NA,"['h']","[0.8170906000304967]",0.817090600030497,1,"1","","",NA,NA,7,2,"PM","3.0.6",59.9392096372801,NA
"","","confused","l","No ","",NA,NA,NA,NA,NA,NA,NA,NA,NA,NA,NA,NA,NA,NA,NA,NA,NA,NA,NA,NA,NA,NA,NA,NA,NA,NA,NA,NA,0,35,35,35,NA,NA,NA,NA,NA,NA,NA,NA,"","",NA,NA,"",NA,"",NA,"","",NA,NA,"['l']","[0.7504765000194311]",0.750476500019431,1,"[]","","",NA,NA,7,2,"PM","3.0.6",59.9392096372801,NA
"","","highway","l","No ","",NA,NA,NA,NA,NA,NA,NA,NA,NA,NA,NA,NA,NA,NA,NA,NA,NA,NA,NA,NA,NA,NA,NA,NA,NA,NA,NA,NA,0,36,36,36,NA,NA,NA,NA,NA,NA,NA,NA,"","",NA,NA,"",NA,"",NA,"","",NA,NA,"['l']","[0.7340493999654427]",0.734049399965443,1,"[]","","",NA,NA,7,2,"PM","3.0.6",59.9392096372801,NA
"","","confused","d","HIT","",NA,NA,NA,NA,NA,NA,NA,NA,NA,NA,NA,NA,NA,NA,NA,NA,NA,NA,NA,NA,NA,NA,NA,NA,NA,NA,NA,NA,0,37,37,37,NA,NA,NA,NA,NA,NA,NA,NA,"","",NA,NA,"",NA,"",NA,"","",NA,NA,"['d']","[0.6176100999582559]",0.617610099958256,1,"[]","","",NA,NA,7,2,"PM","3.0.6",59.9392096372801,NA
"","","iron","l","No ","",NA,NA,NA,NA,NA,NA,NA,NA,NA,NA,NA,NA,NA,NA,NA,NA,NA,NA,NA,NA,NA,NA,NA,NA,NA,NA,NA,NA,0,38,38,38,NA,NA,NA,NA,NA,NA,NA,NA,"","",NA,NA,"",NA,"",NA,"","",NA,NA,"['l']","[0.7509293999755755]",0.750929399975576,1,"[]","","",NA,NA,7,2,"PM","3.0.6",59.9392096372801,NA
"","","slow","l","No","",NA,NA,NA,NA,NA,NA,NA,NA,NA,NA,NA,NA,NA,NA,NA,NA,NA,NA,NA,NA,NA,NA,NA,NA,NA,NA,NA,NA,0,39,39,39,NA,NA,NA,NA,NA,NA,NA,NA,"","",NA,NA,"",NA,"",NA,"","",NA,NA,"['l']","[0.8841856000944972]",0.884185600094497,1,"[]","","",NA,NA,7,2,"PM","3.0.6",59.9392096372801,NA
"","","iron","d","HIT","",NA,NA,NA,NA,NA,NA,NA,NA,NA,NA,NA,NA,NA,NA,NA,NA,NA,NA,NA,NA,NA,NA,NA,NA,NA,NA,NA,NA,0,40,40,40,NA,NA,NA,NA,NA,NA,NA,NA,"","",NA,NA,"",NA,"",NA,"","",NA,NA,"['d']","[0.5837413999252021]",0.583741399925202,1,"[]","","",NA,NA,7,2,"PM","3.0.6",59.9392096372801,NA
"","","dinner","l","No ","",NA,NA,NA,NA,NA,NA,NA,NA,NA,NA,NA,NA,NA,NA,NA,NA,NA,NA,NA,NA,NA,NA,NA,NA,NA,NA,NA,NA,0,41,41,41,NA,NA,NA,NA,NA,NA,NA,NA,"","",NA,NA,"",NA,"",NA,"","",NA,NA,"['l']","[0.8835809999145567]",0.883580999914557,1,"[]","","",NA,NA,7,2,"PM","3.0.6",59.9392096372801,NA
"","","seat","l","No ","",NA,NA,NA,NA,NA,NA,NA,NA,NA,NA,NA,NA,NA,NA,NA,NA,NA,NA,NA,NA,NA,NA,NA,NA,NA,NA,NA,NA,0,42,42,42,NA,NA,NA,NA,NA,NA,NA,NA,"","",NA,NA,"",NA,"",NA,"","",NA,NA,"['l']","[0.8504414000781253]",0.850441400078125,1,"[]","","",NA,NA,7,2,"PM","3.0.6",59.9392096372801,NA
"","","dinner","d","HIT","",NA,NA,NA,NA,NA,NA,NA,NA,NA,NA,NA,NA,NA,NA,NA,NA,NA,NA,NA,NA,NA,NA,NA,NA,NA,NA,NA,NA,0,43,43,43,NA,NA,NA,NA,NA,NA,NA,NA,"","",NA,NA,"",NA,"",NA,"","",NA,NA,"['d']","[1.0173227998893708]",1.01732279988937,1,"[]","","",NA,NA,7,2,"PM","3.0.6",59.9392096372801,NA
"","","month","l","No ","",NA,NA,NA,NA,NA,NA,NA,NA,NA,NA,NA,NA,NA,NA,NA,NA,NA,NA,NA,NA,NA,NA,NA,NA,NA,NA,NA,NA,0,44,44,44,NA,NA,NA,NA,NA,NA,NA,NA,"","",NA,NA,"",NA,"",NA,"","",NA,NA,"['l']","[0.683904999983497]",0.683904999983497,1,"[]","","",NA,NA,7,2,"PM","3.0.6",59.9392096372801,NA
"","","capable","l","No ","",NA,NA,NA,NA,NA,NA,NA,NA,NA,NA,NA,NA,NA,NA,NA,NA,NA,NA,NA,NA,NA,NA,NA,NA,NA,NA,NA,NA,0,45,45,45,NA,NA,NA,NA,NA,NA,NA,NA,"","",NA,NA,"",NA,"",NA,"","",NA,NA,"['l']","[2.233644700027071]",2.23364470002707,1,"[]","","",NA,NA,7,2,"PM","3.0.6",59.9392096372801,NA
"","","month","d","HIT","",NA,NA,NA,NA,NA,NA,NA,NA,NA,NA,NA,NA,NA,NA,NA,NA,NA,NA,NA,NA,NA,NA,NA,NA,NA,NA,NA,NA,0,46,46,46,NA,NA,NA,NA,NA,NA,NA,NA,"","",NA,NA,"",NA,"",NA,"","",NA,NA,"['d']","[0.5505700999638066]",0.550570099963807,1,"[]","","",NA,NA,7,2,"PM","3.0.6",59.9392096372801,NA
"","","engine","l","No ","",NA,NA,NA,NA,NA,NA,NA,NA,NA,NA,NA,NA,NA,NA,NA,NA,NA,NA,NA,NA,NA,NA,NA,NA,NA,NA,NA,NA,0,47,47,47,NA,NA,NA,NA,NA,NA,NA,NA,"","",NA,NA,"",NA,"",NA,"","",NA,NA,"['l']","[1.0507220000727102]",1.05072200007271,1,"[]","","",NA,NA,7,2,"PM","3.0.6",59.9392096372801,NA
"","","rifle","l","No ","",NA,NA,NA,NA,NA,NA,NA,NA,NA,NA,NA,NA,NA,NA,NA,NA,NA,NA,NA,NA,NA,NA,NA,NA,NA,NA,NA,NA,0,48,48,48,NA,NA,NA,NA,NA,NA,NA,NA,"","",NA,NA,"",NA,"",NA,"","",NA,NA,"['l']","[0.6339976999443024]",0.633997699944302,1,"[]","","",NA,NA,7,2,"PM","3.0.6",59.9392096372801,NA
"","","engine","d","HIT","",NA,NA,NA,NA,NA,NA,NA,NA,NA,NA,NA,NA,NA,NA,NA,NA,NA,NA,NA,NA,NA,NA,NA,NA,NA,NA,NA,NA,0,49,49,49,NA,NA,NA,NA,NA,NA,NA,NA,"","",NA,NA,"",NA,"",NA,"","",NA,NA,"['d']","[0.6170722999377176]",0.617072299937718,1,"[]","","",NA,NA,7,2,"PM","3.0.6",59.9392096372801,NA
"","","detail","h","PM cue","",NA,NA,NA,NA,NA,NA,NA,NA,NA,NA,NA,NA,NA,NA,NA,NA,NA,NA,NA,NA,NA,NA,NA,NA,NA,NA,NA,NA,0,50,50,50,NA,NA,NA,NA,NA,NA,NA,NA,"","",NA,NA,"",NA,"",NA,"","",NA,NA,"['h']","[0.7840038000140339]",0.784003800014034,1,"1","","",NA,NA,7,2,"PM","3.0.6",59.9392096372801,NA
"","","orchestra","l","No ","",NA,NA,NA,NA,NA,NA,NA,NA,NA,NA,NA,NA,NA,NA,NA,NA,NA,NA,NA,NA,NA,NA,NA,NA,NA,NA,NA,NA,0,51,51,51,NA,NA,NA,NA,NA,NA,NA,NA,"","",NA,NA,"",NA,"",NA,"","",NA,NA,"['l']","[0.5171729999128729]",0.517172999912873,1,"[]","","",NA,NA,7,2,"PM","3.0.6",59.9392096372801,NA
"","","highway","l","No ","",NA,NA,NA,NA,NA,NA,NA,NA,NA,NA,NA,NA,NA,NA,NA,NA,NA,NA,NA,NA,NA,NA,NA,NA,NA,NA,NA,NA,0,52,52,52,NA,NA,NA,NA,NA,NA,NA,NA,"","",NA,NA,"",NA,"",NA,"","",NA,NA,"['l']","[1.200549199944362]",1.20054919994436,1,"[]","","",NA,NA,7,2,"PM","3.0.6",59.9392096372801,NA
"","","orchestra","d","HIT","",NA,NA,NA,NA,NA,NA,NA,NA,NA,NA,NA,NA,NA,NA,NA,NA,NA,NA,NA,NA,NA,NA,NA,NA,NA,NA,NA,NA,0,53,53,53,NA,NA,NA,NA,NA,NA,NA,NA,"","",NA,NA,"",NA,"",NA,"","",NA,NA,"['d']","[0.5672099000075832]",0.567209900007583,1,"[]","","",NA,NA,7,2,"PM","3.0.6",59.9392096372801,NA
"","","building","l","No ","",NA,NA,NA,NA,NA,NA,NA,NA,NA,NA,NA,NA,NA,NA,NA,NA,NA,NA,NA,NA,NA,NA,NA,NA,NA,NA,NA,NA,0,54,54,54,NA,NA,NA,NA,NA,NA,NA,NA,"","",NA,NA,"",NA,"",NA,"","",NA,NA,"['l']","[0.6336787000764161]",0.633678700076416,1,"[]","","",NA,NA,7,2,"PM","3.0.6",59.9392096372801,NA
"","","sugar","l","No","",NA,NA,NA,NA,NA,NA,NA,NA,NA,NA,NA,NA,NA,NA,NA,NA,NA,NA,NA,NA,NA,NA,NA,NA,NA,NA,NA,NA,0,55,55,55,NA,NA,NA,NA,NA,NA,NA,NA,"","",NA,NA,"",NA,"",NA,"","",NA,NA,"['l']","[0.6663143000332639]",0.666314300033264,1,"[]","","",NA,NA,7,2,"PM","3.0.6",59.9392096372801,NA
"","","building","d","HIT","",NA,NA,NA,NA,NA,NA,NA,NA,NA,NA,NA,NA,NA,NA,NA,NA,NA,NA,NA,NA,NA,NA,NA,NA,NA,NA,NA,NA,0,56,56,56,NA,NA,NA,NA,NA,NA,NA,NA,"","",NA,NA,"",NA,"",NA,"","",NA,NA,"['d']","[0.40051389997825027]",0.40051389997825,1,"[]","","",NA,NA,7,2,"PM","3.0.6",59.9392096372801,NA
"","","lake","l","No ","",NA,NA,NA,NA,NA,NA,NA,NA,NA,NA,NA,NA,NA,NA,NA,NA,NA,NA,NA,NA,NA,NA,NA,NA,NA,NA,NA,NA,0,57,57,57,NA,NA,NA,NA,NA,NA,NA,NA,"","",NA,NA,"",NA,"",NA,"","",NA,NA,"['l']","[0.4841538000619039]",0.484153800061904,1,"[]","","",NA,NA,7,2,"PM","3.0.6",59.9392096372801,NA
"","","seat","l","No ","",NA,NA,NA,NA,NA,NA,NA,NA,NA,NA,NA,NA,NA,NA,NA,NA,NA,NA,NA,NA,NA,NA,NA,NA,NA,NA,NA,NA,0,58,58,58,NA,NA,NA,NA,NA,NA,NA,NA,"","",NA,NA,"",NA,"",NA,"","",NA,NA,"['l']","[0.6839103999081999]",0.6839103999082,1,"[]","","",NA,NA,7,2,"PM","3.0.6",59.9392096372801,NA
"","","lake","d","HIT","",NA,NA,NA,NA,NA,NA,NA,NA,NA,NA,NA,NA,NA,NA,NA,NA,NA,NA,NA,NA,NA,NA,NA,NA,NA,NA,NA,NA,0,59,59,59,NA,NA,NA,NA,NA,NA,NA,NA,"","",NA,NA,"",NA,"",NA,"","",NA,NA,"['d']","[0.43355330009944737]",0.433553300099447,1,"[]","","",NA,NA,7,2,"PM","3.0.6",59.9392096372801,NA
"","","alert","l","No","",NA,NA,NA,NA,NA,NA,NA,NA,NA,NA,NA,NA,NA,NA,NA,NA,NA,NA,NA,NA,NA,NA,NA,NA,NA,NA,NA,NA,0,60,60,60,NA,NA,NA,NA,NA,NA,NA,NA,"","",NA,NA,"",NA,"",NA,"","",NA,NA,"['l']","[0.5672297000419348]",0.567229700041935,1,"[]","","",NA,NA,7,2,"PM","3.0.6",59.9392096372801,NA
"","","street","l","No","",NA,NA,NA,NA,NA,NA,NA,NA,NA,NA,NA,NA,NA,NA,NA,NA,NA,NA,NA,NA,NA,NA,NA,NA,NA,NA,NA,NA,0,61,61,61,NA,NA,NA,NA,NA,NA,NA,NA,"","",NA,NA,"",NA,"",NA,"","",NA,NA,"['l']","[0.7503197001060471]",0.750319700106047,1,"[]","","",NA,NA,7,2,"PM","3.0.6",59.9392096372801,NA
"","","circle","h","PM cue","",NA,NA,NA,NA,NA,NA,NA,NA,NA,NA,NA,NA,NA,NA,NA,NA,NA,NA,NA,NA,NA,NA,NA,NA,NA,NA,NA,NA,0,62,62,62,NA,NA,NA,NA,NA,NA,NA,NA,"","",NA,NA,"",NA,"",NA,"","",NA,NA,"['l', 'h']","[0.5504492999752983, 0.8171835000393912]",0.550449299975298,0,"1","","",NA,NA,7,2,"PM","3.0.6",59.9392096372801,NA
"","","street","d","HIT","",NA,NA,NA,NA,NA,NA,NA,NA,NA,NA,NA,NA,NA,NA,NA,NA,NA,NA,NA,NA,NA,NA,NA,NA,NA,NA,NA,NA,0,63,63,63,NA,NA,NA,NA,NA,NA,NA,NA,"","",NA,NA,"",NA,"",NA,"","",NA,NA,"['d']","[0.7172701000235975]",0.717270100023597,1,"[]","","",NA,NA,7,2,"PM","3.0.6",59.9392096372801,NA
"","","waste","l","No ","",NA,NA,NA,NA,NA,NA,NA,NA,NA,NA,NA,NA,NA,NA,NA,NA,NA,NA,NA,NA,NA,NA,NA,NA,NA,NA,NA,NA,0,64,64,64,NA,NA,NA,NA,NA,NA,NA,NA,"","",NA,NA,"",NA,"",NA,"","",NA,NA,"['l']","[0.5672264999011531]",0.567226499901153,1,"[]","","",NA,NA,7,2,"PM","3.0.6",59.9392096372801,NA
"","","broken","l","No ","",NA,NA,NA,NA,NA,NA,NA,NA,NA,NA,NA,NA,NA,NA,NA,NA,NA,NA,NA,NA,NA,NA,NA,NA,NA,NA,NA,NA,0,65,65,65,NA,NA,NA,NA,NA,NA,NA,NA,"","",NA,NA,"",NA,"",NA,"","",NA,NA,"['l']","[0.5174507000483572]",0.517450700048357,1,"[]","","",NA,NA,7,2,"PM","3.0.6",59.9392096372801,NA
"","","waste","d","HIT","",NA,NA,NA,NA,NA,NA,NA,NA,NA,NA,NA,NA,NA,NA,NA,NA,NA,NA,NA,NA,NA,NA,NA,NA,NA,NA,NA,NA,0,66,66,66,NA,NA,NA,NA,NA,NA,NA,NA,"","",NA,NA,"",NA,"",NA,"","",NA,NA,"['d']","[0.5340129000833258]",0.534012900083326,1,"[]","","",NA,NA,7,2,"PM","3.0.6",59.9392096372801,NA
"","","patient","l","No ","",NA,NA,NA,NA,NA,NA,NA,NA,NA,NA,NA,NA,NA,NA,NA,NA,NA,NA,NA,NA,NA,NA,NA,NA,NA,NA,NA,NA,0,67,67,67,NA,NA,NA,NA,NA,NA,NA,NA,"","",NA,NA,"",NA,"",NA,"","",NA,NA,"['l']","[0.48395630007144064]",0.483956300071441,1,"[]","","",NA,NA,7,2,"PM","3.0.6",59.9392096372801,NA
"","","horse","l","No ","",NA,NA,NA,NA,NA,NA,NA,NA,NA,NA,NA,NA,NA,NA,NA,NA,NA,NA,NA,NA,NA,NA,NA,NA,NA,NA,NA,NA,0,68,68,68,NA,NA,NA,NA,NA,NA,NA,NA,"","",NA,NA,"",NA,"",NA,"","",NA,NA,"['l']","[0.8669831000734121]",0.866983100073412,1,"[]","","",NA,NA,7,2,"PM","3.0.6",59.9392096372801,NA
"","","patient","d","HIT","",NA,NA,NA,NA,NA,NA,NA,NA,NA,NA,NA,NA,NA,NA,NA,NA,NA,NA,NA,NA,NA,NA,NA,NA,NA,NA,NA,NA,0,69,69,69,NA,NA,NA,NA,NA,NA,NA,NA,"","",NA,NA,"",NA,"",NA,"","",NA,NA,"['d']","[0.5337998000904918]",0.533799800090492,1,"[]","","",NA,NA,7,2,"PM","3.0.6",59.9392096372801,NA
"","","journal","l","No ","",NA,NA,NA,NA,NA,NA,NA,NA,NA,NA,NA,NA,NA,NA,NA,NA,NA,NA,NA,NA,NA,NA,NA,NA,NA,NA,NA,NA,0,70,70,70,NA,NA,NA,NA,NA,NA,NA,NA,"","",NA,NA,"",NA,"",NA,"","",NA,NA,"['l']","[0.4503051999490708]",0.450305199949071,1,"[]","","",NA,NA,7,2,"PM","3.0.6",59.9392096372801,NA
"","","sugar","l","No","",NA,NA,NA,NA,NA,NA,NA,NA,NA,NA,NA,NA,NA,NA,NA,NA,NA,NA,NA,NA,NA,NA,NA,NA,NA,NA,NA,NA,0,71,71,71,NA,NA,NA,NA,NA,NA,NA,NA,"","",NA,NA,"",NA,"",NA,"","",NA,NA,"['l']","[0.6174717000685632]",0.617471700068563,1,"[]","","",NA,NA,7,2,"PM","3.0.6",59.9392096372801,NA
"","","journal","d","HIT","",NA,NA,NA,NA,NA,NA,NA,NA,NA,NA,NA,NA,NA,NA,NA,NA,NA,NA,NA,NA,NA,NA,NA,NA,NA,NA,NA,NA,0,72,72,72,NA,NA,NA,NA,NA,NA,NA,NA,"","",NA,NA,"",NA,"",NA,"","",NA,NA,"['l']","[1.0839766999706626]",1.08397669997066,0,"[]","","",NA,NA,7,2,"PM","3.0.6",59.9392096372801,NA
"","","colour","l","No","",NA,NA,NA,NA,NA,NA,NA,NA,NA,NA,NA,NA,NA,NA,NA,NA,NA,NA,NA,NA,NA,NA,NA,NA,NA,NA,NA,NA,0,73,73,73,NA,NA,NA,NA,NA,NA,NA,NA,"","",NA,NA,"",NA,"",NA,"","",NA,NA,"['l']","[0.6841897999402136]",0.684189799940214,1,"[]","","",NA,NA,7,2,"PM","3.0.6",59.9392096372801,NA
"","","village","h","PM cue","",NA,NA,NA,NA,NA,NA,NA,NA,NA,NA,NA,NA,NA,NA,NA,NA,NA,NA,NA,NA,NA,NA,NA,NA,NA,NA,NA,NA,0,74,74,74,NA,NA,NA,NA,NA,NA,NA,NA,"","",NA,NA,"",NA,"",NA,"","",NA,NA,"['h']","[0.7174135000677779]",0.717413500067778,1,"1","","",NA,NA,7,2,"PM","3.0.6",59.9392096372801,NA
"","","youth","l","No","",NA,NA,NA,NA,NA,NA,NA,NA,NA,NA,NA,NA,NA,NA,NA,NA,NA,NA,NA,NA,NA,NA,NA,NA,NA,NA,NA,NA,0,75,75,75,NA,NA,NA,NA,NA,NA,NA,NA,"","",NA,NA,"",NA,"",NA,"","",NA,NA,"['l']","[0.6672642000485212]",0.667264200048521,1,"[]","","",NA,NA,7,2,"PM","3.0.6",59.9392096372801,NA
"","","idea","l","No","",NA,NA,NA,NA,NA,NA,NA,NA,NA,NA,NA,NA,NA,NA,NA,NA,NA,NA,NA,NA,NA,NA,NA,NA,NA,NA,NA,NA,0,76,76,76,NA,NA,NA,NA,NA,NA,NA,NA,"","",NA,NA,"",NA,"",NA,"","",NA,NA,"['l']","[0.5004564999835566]",0.500456499983557,1,"[]","","",NA,NA,7,2,"PM","3.0.6",59.9392096372801,NA
"","","youth","d","HIT","",NA,NA,NA,NA,NA,NA,NA,NA,NA,NA,NA,NA,NA,NA,NA,NA,NA,NA,NA,NA,NA,NA,NA,NA,NA,NA,NA,NA,0,77,77,77,NA,NA,NA,NA,NA,NA,NA,NA,"","",NA,NA,"",NA,"",NA,"","",NA,NA,"['d']","[0.7504254999803379]",0.750425499980338,1,"[]","","",NA,NA,7,2,"PM","3.0.6",59.9392096372801,NA
"","","idea","d","HIT","",NA,NA,NA,NA,NA,NA,NA,NA,NA,NA,NA,NA,NA,NA,NA,NA,NA,NA,NA,NA,NA,NA,NA,NA,NA,NA,NA,NA,0,78,78,78,NA,NA,NA,NA,NA,NA,NA,NA,"","",NA,NA,"",NA,"",NA,"","",NA,NA,"['d']","[0.6002296000951901]",0.60022960009519,1,"[]","","",NA,NA,7,2,"PM","3.0.6",59.9392096372801,NA
"","","slow","l","No","",NA,NA,NA,NA,NA,NA,NA,NA,NA,NA,NA,NA,NA,NA,NA,NA,NA,NA,NA,NA,NA,NA,NA,NA,NA,NA,NA,NA,0,79,79,79,NA,NA,NA,NA,NA,NA,NA,NA,"","",NA,NA,"",NA,"",NA,"","",NA,NA,"['l']","[0.5504601000575349]",0.550460100057535,1,"[]","","",NA,NA,7,2,"PM","3.0.6",59.9392096372801,NA
"","","circle","d","HIT","",NA,NA,NA,NA,NA,NA,NA,NA,NA,NA,NA,NA,NA,NA,NA,NA,NA,NA,NA,NA,NA,NA,NA,NA,NA,NA,NA,NA,NA,NA,NA,NA,0,0,0,4,40,4.79978499992285,83,3.16668799996842,"","",NA,NA,"",NA,"",NA,"","",NA,NA,"","",NA,NA,"","['d']","[0.8949411000357941]",1,0.894941100035794,7,2,"PM","3.0.6",59.9392096372801,NA
"","","colour","l","No","",NA,NA,NA,NA,NA,NA,NA,NA,NA,NA,NA,NA,NA,NA,NA,NA,NA,NA,NA,NA,NA,NA,NA,NA,NA,NA,NA,NA,NA,NA,NA,NA,0,1,1,5,NA,NA,NA,NA,"","",NA,NA,"",NA,"",NA,"","",NA,NA,"","",NA,NA,"","['l']","[0.5338438000762835]",1,0.533843800076284,7,2,"PM","3.0.6",59.9392096372801,NA
"","","village","d","HIT","",NA,NA,NA,NA,NA,NA,NA,NA,NA,NA,NA,NA,NA,NA,NA,NA,NA,NA,NA,NA,NA,NA,NA,NA,NA,NA,NA,NA,NA,NA,NA,NA,0,2,2,2,NA,NA,NA,NA,"","",NA,NA,"",NA,"",NA,"","",NA,NA,"","",NA,NA,"","['d']","[0.5670452000340447]",1,0.567045200034045,7,2,"PM","3.0.6",59.9392096372801,NA
"","","material","l","No","",NA,NA,NA,NA,NA,NA,NA,NA,NA,NA,NA,NA,NA,NA,NA,NA,NA,NA,NA,NA,NA,NA,NA,NA,NA,NA,NA,NA,NA,NA,NA,NA,0,3,3,1,NA,NA,NA,NA,"","",NA,NA,"",NA,"",NA,"","",NA,NA,"","",NA,NA,"","['l']","[0.4336759999860078]",1,0.433675999986008,7,2,"PM","3.0.6",59.9392096372801,NA
"","","detail","d","HIT","",NA,NA,NA,NA,NA,NA,NA,NA,NA,NA,NA,NA,NA,NA,NA,NA,NA,NA,NA,NA,NA,NA,NA,NA,NA,NA,NA,NA,NA,NA,NA,NA,0,4,4,0,NA,NA,NA,NA,"","",NA,NA,"",NA,"",NA,"","",NA,NA,"","",NA,NA,"","['d']","[0.5508281000657007]",1,0.550828100065701,7,2,"PM","3.0.6",59.9392096372801,NA
"","","street","l","No","",NA,NA,NA,NA,NA,NA,NA,NA,NA,NA,NA,NA,NA,NA,NA,NA,NA,NA,NA,NA,NA,NA,NA,NA,NA,NA,NA,NA,NA,NA,NA,NA,0,5,5,3,NA,NA,NA,NA,"","",NA,NA,"",NA,"",NA,"","",NA,NA,"","",NA,NA,"","['l']","[0.6509517999365926]",1,0.650951799936593,7,2,"PM","3.0.6",59.9392096372801,NA
"","","","","","",NA,NA,NA,NA,NA,NA,NA,NA,NA,NA,NA,NA,NA,NA,NA,NA,NA,NA,NA,NA,NA,NA,NA,NA,NA,NA,NA,NA,NA,NA,NA,NA,NA,NA,NA,NA,40,2.79958110000007,83,2.85013919998892,"","",NA,NA,"",NA,"",NA,"","",NA,NA,"","",NA,NA,"","","",NA,NA,NA,NA,"","",NA,NA
