"","Subject","Session Number","Condition","Mood Induced","Code","agegr"
"1","1","1","Control","Positive","E09IC","YA"
"2","1","2","Control","Negative",NA,"YA"
"3","1","3","Control","Neu",NA,"YA"
"4","2","1","Mood regulation","Positive","O05JD","YA"
"5","2","2","Mood regulation","Neu",NA,"YA"
"6","2","3","Mood regulation","Negative",NA,"YA"
"7","3","1","Control","Negative","S06EP","YA"
"8","3","2","Control","Positive",NA,"YA"
"9","3","3","Control","Neu",NA,"YA"
"10","4","1","Mood regulation","Negative","A11RJ","YA"
"11","4","2","Mood regulation","Neu",NA,"YA"
"12","4","3","Mood regulation","Positive",NA,"YA"
"13","5","1","Control","Neu","A07SS","YA"
"14","5","2","Control","Negative",NA,"YA"
"15","5","3","Control","Positive",NA,"YA"
"16","6","1","Mood regulation","Neu","R24OT","YA"
"17","6","2","Mood regulation","Positive",NA,"YA"
"18","6","3","Mood regulation","Negative",NA,"YA"
"19","7","1","Control","Positive","A09UN","YA"
"20","7","2","Control","Negative",NA,"YA"
"21","7","3","Control","Neu",NA,"YA"
"22","8","1","Mood regulation","Positive","L04UL","YA"
"23","8","2","Mood regulation","Neu",NA,"YA"
"24","8","3","Mood regulation","Negative",NA,"YA"
"25","9","1","Control","Negative","D03AV","YA"
"26","9","2","Control","Positive",NA,"YA"
"27","9","3","Control","Neu",NA,"YA"
"28","10","1","Mood regulation","Negative","A06RK","YA"
"29","10","2","Mood regulation","Neu",NA,"YA"
"30","10","3","Mood regulation","Positive",NA,"YA"
"31","11","1","Control","Neu","I05BP","YA"
"32","11","2","Control","Negative",NA,"YA"
"33","11","3","Control","Positive",NA,"YA"
"34","12","1","Mood regulation","Neu","M01VV","YA"
"35","12","2","Mood regulation","Positive",NA,"YA"
"36","12","3","Mood regulation","Negative",NA,"YA"
"37","13","1","Control","Positive","U02NS","YA"
"38","13","2","Control","Negative",NA,"YA"
"39","13","3","Control","Neu",NA,"YA"
"40","14","1","Mood regulation","Positive","A06IE","YA"
"41","14","2","Mood regulation","Neu",NA,"YA"
"42","14","3","Mood regulation","Negative",NA,"YA"
"43","15","1","Control","Negative","A03EL","YA"
"44","15","2","Control","Positive",NA,"YA"
"45","15","3","Control","Neu",NA,"YA"
"46","16","1","Mood regulation","Negative","M08DJ","YA"
"47","16","2","Mood regulation","Positive",NA,"YA"
"48","16","3","Mood regulation","Neu",NA,"YA"
"49","17","1","Control","Neu","A09DR","YA"
"50","17","2","Control","Negative",NA,"YA"
"51","17","3","Control","Positive",NA,"YA"
"52","18","1","Mood regulation","Neu","O04MD","YA"
"53","18","2","Mood regulation","Positive",NA,"YA"
"54","18","3","Mood regulation","Negative",NA,"YA"
"55","19","1","Control","Positive","A10CM","YA"
"56","19","2","Control","Negative",NA,"YA"
"57","19","3","Control","Neu",NA,"YA"
"58","20","1","Mood regulation","Positive","E04LA","YA"
"59","20","2","Mood regulation","Neu",NA,"YA"
"60","20","3","Mood regulation","Negative",NA,"YA"
"61","21","1","Control","Negative","O11RA","YA"
"62","21","2","Control","Positive",NA,"YA"
"63","21","3","Control","Neu",NA,"YA"
"64","22","1","Mood regulation","Negative","I02MC","YA"
"65","22","2","Mood regulation","Neu",NA,"YA"
"66","22","3","Mood regulation","Positive",NA,"YA"
"67","23","1","Control","Neu","A07IL","YA"
"68","23","2","Control","Negative",NA,"YA"
"69","23","3","Control","Positive",NA,"YA"
"70","24","1","Mood regulation","Neu","A11IC","YA"
"71","24","2","Mood regulation","Positive",NA,"YA"
"72","24","3","Mood regulation","Negative",NA,"YA"
"73","25","1","Control","Positive","L05TP","YA"
"74","25","2","Control","Negative",NA,"YA"
"75","25","3","Control","Neu",NA,"YA"
"76","26","1","Mood regulation","Positive","L01TA","YA"
"77","26","2","Mood regulation","Neu",NA,"YA"
"78","26","3","Mood regulation","Negative",NA,"YA"
"79","27","1","Control","Negative","I02BB","YA"
"80","27","2","Mood regulation","Positive",NA,"YA"
"81","27","3","Mood regulation","Neu",NA,"YA"
"82","28","1","Mood regulation","Negative","A11LA","YA"
"83","28","2","Mood regulation","Neu",NA,"YA"
"84","28","3","Mood regulation","Positive",NA,"YA"
"85","29","1","Control","Neu","E04IM","YA"
"86","29","2","Control","Negative",NA,"YA"
"87","29","3","Control","Positive",NA,"YA"
"88","30","1","Mood regulation","Neu","H04RA","YA"
"89","30","2","Mood regulation","Positive",NA,"YA"
"90","30","3","Mood regulation","Negative",NA,"YA"
"91","31","1","Control","Positive","A12MP","YA"
"92","31","2","Control","Negative",NA,"YA"
"93","31","3","Control","Neu",NA,"YA"
"94","32","1","Mood regulation","Positive","A11EA","YA"
"95","32","2","Mood regulation","Neu",NA,"YA"
"96","32","3","Mood regulation","Negative",NA,"YA"
"97","33","1","Control","Negative","IPRGN","YA"
"98","33","2","Control","Positive",NA,"YA"
"99","33","3","Control","Neu",NA,"YA"
"100","34","1","Mood regulation","Negative","U05NC","YA"
"101","34","2","Mood regulation","Neu",NA,"YA"
"102","34","3","Mood regulation","Positive",NA,"YA"
"103","35","1","Control","Neu","O03ID","YA"
"104","35","2","Control","Negative",NA,"YA"
"105","35","3","Control","Positive",NA,"YA"
"106","36","1","Mood regulation","Neu","R04TM","YA"
"107","36","2","Mood regulation","Positive",NA,"YA"
"108","36","3","Mood regulation","Negative",NA,"YA"
"109","37","1","Control","Positive","T09RM","YA"
"110","37","2","Control","Negative",NA,"YA"
"111","37","3","Control","Neu",NA,"YA"
"112","38","1","Mood regulation","Positive","U02DJ","YA"
"113","38","2","Mood regulation","Neu",NA,"YA"
"114","38","3","Mood regulation","Negative",NA,"YA"
"115","39","1","Control","Negative","N12NS","YA"
"116","39","2","Control","Positive",NA,"YA"
"117","39","3","Control","Neu",NA,"YA"
"118","40","1","Mood regulation","Negative","A03NA","YA"
"119","40","2","Mood regulation","Neu",NA,"YA"
"120","40","3","Mood regulation","Positive",NA,"YA"
"121","41","1","Control","Neu","A10AP","YA"
"122","41","2","Control","Negative",NA,"YA"
"123","41","3","Control","Positive",NA,"YA"
"124","42","1","Mood regulation","Neu","A05LN","YA"
"125","42","2","Mood regulation","Positive",NA,"YA"
"126","42","3","Mood regulation","Negative",NA,"YA"
"127","43","1","Control","Positive","L03VF","YA"
"128","43","2","Control","Negative",NA,"YA"
"129","43","3","Control","Neu",NA,"YA"
"130","44","1","Mood regulation","Positive","A04AM","YA"
"131","44","2","Mood regulation","Neu",NA,"YA"
"132","44","3","Mood regulation","Negative",NA,"YA"
"133","45","1","Control","Negative","A01AI","YA"
"134","45","2","Control","Positive",NA,"YA"
"135","45","3","Control","Neu",NA,"YA"
"136","46","1","Mood regulation","Negative","I02BZ","YA"
"137","46","2","Mood regulation","Neu",NA,"YA"
"138","46","3","Mood regulation","Positive",NA,"YA"
"139","47","1","Control","Neu","L09VJ","YA"
"140","47","2","Control","Negative",NA,"YA"
"141","47","3","Control","Positive",NA,"YA"
"142","48","1","Mood regulation","Neu","I08RH","YA"
"143","48","2","Mood regulation","Positive",NA,"YA"
"144","48","3","Mood regulation","Negative",NA,"YA"
"145","49","1","Control","Positive","H04AS","YA"
"146","49","2","Control","Negative",NA,"YA"
"147","49","3","Control","Neu",NA,"YA"
"148","50","1","Control","Positive","L02DM","YA"
"149","50","2","Control","Neu",NA,"YA"
"150","50","3","Control","Negative",NA,"YA"
"151","51","1","Mood regulation","Negative","E02OA","YA"
"152","51","2","Mood regulation","Positive",NA,"YA"
"153","51","3","Mood regulation","Neu",NA,"YA"
"154","52","1","Mood regulation","Positive","A01RE","YA"
"155","52","2","Mood regulation","Neu",NA,"YA"
"156","52","3","Mood regulation","Negative",NA,"YA"
"157","53","1","Control","Neu","B06TS","YA"
"158","53","2","Control","Negative",NA,"YA"
"159","53","3","Control","Positive",NA,"YA"
"160","54","1","Mood regulation","Neu","R25JS","YA"
"161","54","2","Mood regulation","Positive",NA,"YA"
"162","54","3","Mood regulation","Negative",NA,"YA"
"163","55","1","Mood regulation","Positive","A08TB","YA"
"164","55","2","Mood regulation","Neu",NA,"YA"
"165","55","3","Mood regulation","Negative",NA,"YA"
"166","56","1","Control","Positive","I04LN","YA"
"167","56","2","Control","Negative",NA,"YA"
"168","56","3","Control","Neu",NA,"YA"
"169","57","1","Control","Negative","R02RS","YA"
"170","57","2","Control","Positive",NA,"YA"
"171","57","3","Control","Neu",NA,"YA"
"172","58","1","Mood regulation","Negative","A11NA","YA"
"173","58","2","Mood regulation","Neu",NA,"YA"
"174","58","3","Mood regulation","Positive",NA,"YA"
"175","59","1","Control","Neu","A03AM","YA"
"176","59","2","Control","Negative",NA,"YA"
"177","59","3","Control","Positive",NA,"YA"
"178","60","1","Mood regulation","Neu","I2221","YA"
"179","60","2","Mood regulation","Positive",NA,"YA"
"180","60","3","Mood regulation","Negative",NA,"YA"
"181","61","1","Control","Positive","J01MN","YA"
"182","61","2","Control","Negative",NA,"YA"
"183","61","3","Control","Neu",NA,"YA"
"184","62","1","Mood regulation","Positive","I04RS","YA"
"185","62","2","Mood regulation","Neu",NA,"YA"
"186","62","3","Mood regulation","Negative",NA,"YA"
"187","63","1","Control","Negative","O03WK","YA"
"188","63","2","Control","Positive",NA,"YA"
"189","63","3","Control","Neu",NA,"YA"
"190","64","1","Control","Negative","H09GS","YA"
"191","64","2","Control","Neu",NA,"YA"
"192","64","3","Control","Positive",NA,"YA"
"193","65","1","Mood regulation","Negative",NA,"YA"
"194","65","2","Mood regulation","Neu",NA,"YA"
"195","65","3","Mood regulation","Positive",NA,"YA"
"196","66","1","Mood regulation","Neu",NA,"YA"
"197","66","2","Mood regulation","Positive",NA,"YA"
"198","66","3","Mood regulation","Negative",NA,"YA"
"199","67","1","Control","Positive",NA,"YA"
"200","67","2","Control","Negative",NA,"YA"
"201","67","3","Control","Neu",NA,"YA"
"202","68","1","Mood regulation","Positive",NA,"YA"
"203","68","2","Mood regulation","Neu",NA,"YA"
"204","68","3","Mood regulation","Negative",NA,"YA"
"205","69","1","Control","Negative",NA,"YA"
"206","69","2","Control","Positive",NA,"YA"
"207","69","3","Control","Neu",NA,"YA"
"208","70","1","Mood regulation","Negative",NA,"YA"
"209","70","2","Mood regulation","Neu",NA,"YA"
"210","70","3","Mood regulation","Positive",NA,"YA"
"211","101","1","Control","Positive","H01ED","OA"
"212","101","2","Control","Negative",NA,"OA"
"213","101","3","Control","Neu",NA,"OA"
"214","102","1","Mood regulation","Positive","H02GJ","OA"
"215","102","2","Mood regulation","Neu",NA,"OA"
"216","102","3","Mood regulation","Negative",NA,"OA"
"217","103","1","Control","Negative","L07EE","OA"
"218","103","2","Control","Positive",NA,"OA"
"219","103","3","Control","Neu",NA,"OA"
"220","104","1","Mood regulation","Negative","A09EM","OA"
"221","104","2","Mood regulation","Neu",NA,"OA"
"222","104","3","Mood regulation","Positive",NA,"OA"
"223","105","1","Control","Neu","A10EJ","OA"
"224","105","2","Control","Negative",NA,"OA"
"225","105","3","Control","Positive",NA,"OA"
"226","106","1","Mood regulation","Neu","A01AI","OA"
"227","106","2","Mood regulation","Positive",NA,"OA"
"228","106","3","Mood regulation","Negative",NA,"OA"
"229","107","1","Control","Positive","O04AA","OA"
"230","107","2","Control","Negative",NA,"OA"
"231","107","3","Control","Neu",NA,"OA"
"232","108","1","Mood regulation","Positive","R06EG","OA"
"233","108","2","Mood regulation","Neu",NA,"OA"
"234","108","3","Mood regulation","Negative",NA,"OA"
"235","109","1","Control","Negative","L06VI","OA"
"236","109","2","Control","Positive",NA,"OA"
"237","109","3","Control","Neu",NA,"OA"
"238","110","1","Mood regulation","Negative","L01EA","OA"
"239","110","2","Mood regulation","Neu",NA,"OA"
"240","110","3","Mood regulation","Positive",NA,"OA"
"241","111","1","Control","Neu","I05EA","OA"
"242","111","2","Control","Negative",NA,"OA"
"243","111","3","Control","Positive",NA,"OA"
"244","112","1","Mood regulation","Neu","A09EM","OA"
"245","112","2","Mood regulation","Positive",NA,"OA"
"246","112","3","Mood regulation","Negative",NA,"OA"
"247","113","1","Control","Positive","A01AH","OA"
"248","113","2","Control","Negative",NA,"OA"
"249","113","3","Control","Neu",NA,"OA"
"250","114","1","Mood regulation","Positive","O03NB","OA"
"251","114","2","Mood regulation","Neu",NA,"OA"
"252","114","3","Mood regulation","Negative",NA,"OA"
"253","115","1","Control","Negative","H01NJ","OA"
"254","115","2","Control","Positive",NA,"OA"
"255","115","3","Control","Neu",NA,"OA"
"256","116","1","Mood regulation","Negative","E04IC","OA"
"257","116","2","Mood regulation","Neu",NA,"OA"
"258","116","3","Mood regulation","Positive",NA,"OA"
"259","117","1","Control","Neu","R03RB","OA"
"260","117","2","Control","Negative",NA,"OA"
"261","117","3","Control","Positive",NA,"OA"
"262","118","1","Mood regulation","Neu","N07IE","OA"
"263","118","2","Mood regulation","Positive",NA,"OA"
"264","118","3","Mood regulation","Negative",NA,"OA"
"265","119","1","Control","Positive","I11VK","OA"
"266","119","2","Control","Negative",NA,"OA"
"267","119","3","Control","Neu",NA,"OA"
"268","120","1","Mood regulation","Positive","R07IG","OA"
"269","120","2","Mood regulation","Neu",NA,"OA"
"270","120","3","Mood regulation","Negative",NA,"OA"
"271","121","1","Control","Negative","H05IE","OA"
"272","121","2","Control","Positive",NA,"OA"
"273","121","3","Control","Neu",NA,"OA"
"274","122","1","Mood regulation","Negative","O08EJ","OA"
"275","122","2","Mood regulation","Neu",NA,"OA"
"276","122","3","Mood regulation","Positive",NA,"OA"
"277","123","1","Control","Neu","O11RE","OA"
"278","123","2","Control","Negative",NA,"OA"
"279","123","3","Control","Positive",NA,"OA"
"280","124","1","Control","Negative","A05DA his birth month instead of father","OA"
"281","124","2","Control","Positive",NA,"OA"
"282","124","3","Control","Neu",NA,"OA"
"283","125","1","Mood regulation","Positive","A04RE","OA"
"284","125","2","Mood regulation","Neu",NA,"OA"
"285","125","3","Mood regulation","Negative",NA,"OA"
"286","126","1","Mood regulation","Neu","A05EI","OA"
"287","126","2","Mood regulation","Positive",NA,"OA"
"288","126","3","Mood regulation","Negative",NA,"OA"
"289","127","1","Control","Positive","T03EH","OA"
"290","127","2","Control","Negative",NA,"OA"
"291","127","3","Control","Neu",NA,"OA"
"292","128","1","Mood regulation","Negative","O03VM","OA"
"293","128","2","Mood regulation","Neu",NA,"OA"
"294","128","3","Mood regulation","Positive",NA,"OA"
"295","129","1","Control","Neu","E02NF","OA"
"296","129","2","Control","Negative",NA,"OA"
"297","129","3","Control","Positive",NA,"OA"
"298","130","1","Mood regulation","Neu","N03NM","OA"
"299","130","2","Mood regulation","Positive",NA,"OA"
"300","130","3","Mood regulation","Negative",NA,"OA"
"301","131","1","Control","Positive","O14EM","OA"
"302","131","2","Control","Negative",NA,"OA"
"303","131","3","Control","Neu",NA,"OA"
"304","132","1","Mood regulation","Positive","L08RI","OA"
"305","132","2","Mood regulation","Neu",NA,"OA"
"306","132","3","Mood regulation","Negative",NA,"OA"
"307","133","1","Control","Negative","N09EM","OA"
"308","133","2","Control","Positive",NA,"OA"
"309","133","3","Control","Neu",NA,"OA"
"310","134","1","Mood regulation","Negative","U06VJ","OA"
"311","134","2","Mood regulation","Neu",NA,"OA"
"312","134","3","Mood regulation","Positive",NA,"OA"
"313","135","1","Control","Neu","O09NJ","OA"
"314","135","2","Control","Negative",NA,"OA"
"315","135","3","Control","Positive",NA,"OA"
"316","136","1","Mood regulation","Neu","A05EC","OA"
"317","136","2","Mood regulation","Positive",NA,"OA"
"318","136","3","Mood regulation","Negative",NA,"OA"
"319","137","1","Control","Positive","A04SM","OA"
"320","137","2","Control","Negative",NA,"OA"
"321","137","3","Control","Neu",NA,"OA"
"322","138","1","Mood regulation","Positive","L02EH","OA"
"323","138","2","Mood regulation","Neu",NA,"OA"
"324","138","3","Mood regulation","Negative",NA,"OA"
"325","139","1","Control","Negative","O04EW","OA"
"326","139","2","Control","Positive",NA,"OA"
"327","139","3","Control","Neu",NA,"OA"
"328","140","1","Mood regulation","Negative","O04AE","OA"
"329","140","2","Mood regulation","Neu",NA,"OA"
"330","140","3","Mood regulation","Positive",NA,"OA"
"331","141","1","Control","Neu","Y02DG","OA"
"332","141","2","Control","Negative",NA,"OA"
"333","141","3","Control","Positive",NA,"OA"
"334","142","1","Mood regulation","Neu","H01AE","OA"
"335","142","2","Mood regulation","Positive",NA,"OA"
"336","142","3","Mood regulation","Negative",NA,"OA"
"337","143","1","Control","Positive","H05EB","OA"
"338","143","2","Control","Negative",NA,"OA"
"339","143","3","Control","Neu",NA,"OA"
"340","144","1","Mood regulation","Positive","H04TD","OA"
"341","144","2","Mood regulation","Neu",NA,"OA"
"342","144","3","Mood regulation","Negative",NA,"OA"
"343","145","1","Control","Negative","H07EM","OA"
"344","145","2","Control","Positive",NA,"OA"
"345","145","3","Control","Neu",NA,"OA"
"346","146","1","Mood regulation","Negative","L01EC","OA"
"347","146","2","Mood regulation","Neu",NA,"OA"
"348","146","3","Mood regulation","Positive",NA,"OA"
"349","147","1","Control","Neu","A03LK","OA"
"350","147","2","Control","Negative",NA,"OA"
"351","147","3","Control","Positive",NA,"OA"
"352","148","1","Mood regulation","Neu","I09EH","OA"
"353","148","2","Mood regulation","Positive",NA,"OA"
"354","148","3","Mood regulation","Negative",NA,"OA"
"355","149","1","Control","Positive","H04EJ","OA"
"356","149","2","Control","Negative",NA,"OA"
"357","149","3","Control","Neu",NA,"OA"
"358","150","1","Mood regulation","Positive","A04AJ","OA"
"359","150","2","Mood regulation","Neu",NA,"OA"
"360","150","3","Mood regulation","Negative",NA,"OA"
"361","151","1","Control","Negative","A09AJ","OA"
"362","151","2","Control","Positive",NA,"OA"
"363","151","3","Control","Neu",NA,"OA"
"364","152","1","Mood regulation","Negative","E11MD","OA"
"365","152","2","Mood regulation","Neu",NA,"OA"
"366","152","3","Mood regulation","Positive",NA,"OA"
"367","153","1","Control","Neu","E07IM","OA"
"368","153","2","Control","Negative",NA,"OA"
"369","153","3","Control","Positive",NA,"OA"
"370","154","1","Mood regulation","Neu","C05AS","OA"
"371","154","2","Mood regulation","Positive",NA,"OA"
"372","154","3","Mood regulation","Negative",NA,"OA"
"373","155","1","Control","Positive","D05NM","OA"
"374","155","2","Control","Negative",NA,"OA"
"375","155","3","Control","Neu",NA,"OA"
"376","156","1","Mood regulation","Positive","O02TM","OA"
"377","156","2","Mood regulation","Neu",NA,"OA"
"378","156","3","Mood regulation","Negative",NA,"OA"
"379","157","1","Control","Negative","R01EM","OA"
"380","157","2","Control","Positive",NA,"OA"
"381","157","3","Control","Neu",NA,"OA"
"382","158","1","Mood regulation","Negative","O04EI","OA"
"383","158","2","Mood regulation","Neu",NA,"OA"
"384","158","3","Mood regulation","Positive",NA,"OA"
"385","159","1","Control","Neu","O05GE","OA"
"386","159","2","Control","Negative",NA,"OA"
"387","159","3","Control","Positive",NA,"OA"
"388","160","1","Mood regulation","Neu","E03RM","OA"
"389","160","2","Mood regulation","Positive",NA,"OA"
"390","160","3","Mood regulation","Negative",NA,"OA"
"391","161","1","Control","Positive","L06EE","OA"
"392","161","2","Control","Negative",NA,"OA"
"393","161","3","Control","Neu",NA,"OA"
"394","162","1","Mood regulation","Positive",NA,"OA"
"395","162","2","Mood regulation","Neu",NA,"OA"
"396","162","3","Mood regulation","Negative",NA,"OA"
"397","163","1","Control","Negative",NA,"OA"
"398","163","2","Control","Positive",NA,"OA"
"399","163","3","Control","Neu",NA,"OA"
"400","164","1","Mood regulation","Negative",NA,"OA"
"401","164","2","Mood regulation","Neu",NA,"OA"
"402","164","3","Mood regulation","Positive",NA,"OA"
"403","165","1","Control","Neu",NA,"OA"
"404","165","2","Control","Negative",NA,"OA"
"405","165","3","Control","Positive",NA,"OA"
"406","166","1","Mood regulation","Neu",NA,"OA"
"407","166","2","Mood regulation","Positive",NA,"OA"
"408","166","3","Mood regulation","Negative",NA,"OA"
"409","167","1","Control","Positive",NA,"OA"
"410","167","2","Control","Negative",NA,"OA"
"411","167","3","Control","Neu",NA,"OA"
"412","168","1","Mood regulation","Positive",NA,"OA"
"413","168","2","Mood regulation","Neu",NA,"OA"
"414","168","3","Mood regulation","Negative",NA,"OA"
"415","169","1","Control","Negative",NA,"OA"
"416","169","2","Control","Positive",NA,"OA"
"417","169","3","Control","Neu",NA,"OA"
"418","170","1","Mood regulation","Negative",NA,"OA"
"419","170","2","Mood regulation","Neu",NA,"OA"
"420","170","3","Mood regulation","Positive",NA,"OA"
